-- phpMyAdmin SQL Dump
-- version 5.2.2
-- https://www.phpmyadmin.net/
--
-- Host: 127.0.0.1:3306
-- Generation Time: Dec 26, 2025 at 06:17 PM
-- Server version: 8.0.30
-- PHP Version: 8.4.3

SET SQL_MODE = "NO_AUTO_VALUE_ON_ZERO";
START TRANSACTION;
SET time_zone = "+00:00";


/*!40101 SET @OLD_CHARACTER_SET_CLIENT=@@CHARACTER_SET_CLIENT */;
/*!40101 SET @OLD_CHARACTER_SET_RESULTS=@@CHARACTER_SET_RESULTS */;
/*!40101 SET @OLD_COLLATION_CONNECTION=@@COLLATION_CONNECTION */;
/*!40101 SET NAMES utf8mb4 */;

--
-- Database: `pos-clothes`
--

-- --------------------------------------------------------

--
-- Table structure for table `balances`
--
-- Error reading structure for table pos-clothes.balances: #1812 - Tablespace is missing for table `pos-clothes`.`balances`.
-- Error reading data for table pos-clothes.balances: #1812 - Tablespace is missing for table `pos-clothes`.`balances`.

-- --------------------------------------------------------

--
-- Table structure for table `barcodes`
--

CREATE TABLE `barcodes` (
  `id` int UNSIGNED NOT NULL,
  `product_variant_id` int UNSIGNED NOT NULL,
  `code` varchar(64) COLLATE utf8mb4_unicode_ci NOT NULL,
  `type` varchar(16) COLLATE utf8mb4_unicode_ci NOT NULL DEFAULT 'code128',
  `batch_no` varchar(32) COLLATE utf8mb4_unicode_ci DEFAULT NULL,
  `created_at` timestamp NULL DEFAULT NULL,
  `updated_at` timestamp NULL DEFAULT NULL
) ENGINE=InnoDB DEFAULT CHARSET=utf8mb4 COLLATE=utf8mb4_unicode_ci;

--
-- Dumping data for table `barcodes`
--

INSERT INTO `barcodes` (`id`, `product_variant_id`, `code`, `type`, `batch_no`, `created_at`, `updated_at`) VALUES
(1, 6, '107-000001', 'C128', 'B20251109175705', '2025-11-09 15:57:05', '2025-11-09 15:57:05'),
(2, 6, '107-000002', 'C128', 'B20251109175705', '2025-11-09 15:57:05', '2025-11-09 15:57:05'),
(3, 6, '107-000003', 'C128', 'B20251109175705', '2025-11-09 15:57:05', '2025-11-09 15:57:05'),
(4, 6, '107-000004', 'C128', 'B20251109175705', '2025-11-09 15:57:05', '2025-11-09 15:57:05'),
(5, 6, '107-000005', 'C128', 'B20251109175705', '2025-11-09 15:57:05', '2025-11-09 15:57:05'),
(6, 6, '107-000006', 'C128', 'B20251109175705', '2025-11-09 15:57:05', '2025-11-09 15:57:05'),
(7, 30, '614-000001', 'C128', 'B20251109190801', '2025-11-09 17:08:01', '2025-11-09 17:08:01'),
(8, 30, '614-000002', 'C128', 'B20251109190801', '2025-11-09 17:08:01', '2025-11-09 17:08:01'),
(9, 30, '614-000003', 'C128', 'B20251109190801', '2025-11-09 17:08:01', '2025-11-09 17:08:01'),
(10, 30, '614-000004', 'C128', 'B20251109190801', '2025-11-09 17:08:01', '2025-11-09 17:08:01'),
(11, 30, '614-000005', 'C128', 'B20251109190801', '2025-11-09 17:08:01', '2025-11-09 17:08:01'),
(12, 30, '614-000006', 'C128', 'B20251109190801', '2025-11-09 17:08:01', '2025-11-09 17:08:01'),
(13, 50, '428-000001', 'C128', 'B20251109210433', '2025-11-09 19:04:33', '2025-11-09 19:04:33'),
(14, 50, '428-000002', 'C128', 'B20251109210433', '2025-11-09 19:04:33', '2025-11-09 19:04:33'),
(15, 145, '2033-000001', 'C128', 'B20251111182003', '2025-11-11 16:20:03', '2025-11-11 16:20:03'),
(16, 145, '2033-000002', 'C128', 'B20251111182003', '2025-11-11 16:20:03', '2025-11-11 16:20:03'),
(17, 145, '2033-000003', 'C128', 'B20251111182003', '2025-11-11 16:20:03', '2025-11-11 16:20:03'),
(18, 145, '2033-000004', 'C128', 'B20251111182003', '2025-11-11 16:20:03', '2025-11-11 16:20:03'),
(19, 145, '2033-000005', 'C128', 'B20251111182003', '2025-11-11 16:20:03', '2025-11-11 16:20:03'),
(20, 145, '2033-000006', 'C128', 'B20251111182003', '2025-11-11 16:20:03', '2025-11-11 16:20:03'),
(21, 164, '2098-000001', 'C128', 'B20251112183245', '2025-11-12 16:32:45', '2025-11-12 16:32:45'),
(22, 164, '2098-000002', 'C128', 'B20251112183245', '2025-11-12 16:32:45', '2025-11-12 16:32:45'),
(23, 167, '3001-000001', 'C128', 'B20251112190043', '2025-11-12 17:00:43', '2025-11-12 17:00:43'),
(24, 167, '3001-000002', 'C128', 'B20251112190043', '2025-11-12 17:00:43', '2025-11-12 17:00:43'),
(25, 169, '3003-000001', 'C128', 'B20251112190502', '2025-11-12 17:05:02', '2025-11-12 17:05:02'),
(26, 182, '083-000001', 'C128', 'B20251112200004', '2025-11-12 18:00:04', '2025-11-12 18:00:04'),
(27, 182, '083-000002', 'C128', 'B20251112200004', '2025-11-12 18:00:04', '2025-11-12 18:00:04'),
(28, 182, '083-000003', 'C128', 'B20251112200004', '2025-11-12 18:00:04', '2025-11-12 18:00:04'),
(29, 182, '083-000004', 'C128', 'B20251112200004', '2025-11-12 18:00:04', '2025-11-12 18:00:04'),
(30, 182, '083-000005', 'C128', 'B20251112200004', '2025-11-12 18:00:04', '2025-11-12 18:00:04'),
(31, 14, '317-000001', 'C128', 'B20251113193738', '2025-11-13 17:37:38', '2025-11-13 17:37:38'),
(32, 14, '317-000002', 'C128', 'B20251113193738', '2025-11-13 17:37:38', '2025-11-13 17:37:38'),
(33, 14, '317-000003', 'C128', 'B20251113193738', '2025-11-13 17:37:38', '2025-11-13 17:37:38'),
(34, 14, '317-000004', 'C128', 'B20251113193738', '2025-11-13 17:37:38', '2025-11-13 17:37:38'),
(35, 12, '315-000001', 'C128', 'B20251113193911', '2025-11-13 17:39:11', '2025-11-13 17:39:11'),
(36, 12, '315-000002', 'C128', 'B20251113193911', '2025-11-13 17:39:11', '2025-11-13 17:39:11'),
(37, 12, '315-000003', 'C128', 'B20251113193911', '2025-11-13 17:39:11', '2025-11-13 17:39:11'),
(38, 12, '315-000004', 'C128', 'B20251113193911', '2025-11-13 17:39:11', '2025-11-13 17:39:11'),
(39, 13, '316-000001', 'C128', 'B20251113194005', '2025-11-13 17:40:05', '2025-11-13 17:40:05'),
(40, 13, '316-000002', 'C128', 'B20251113194005', '2025-11-13 17:40:05', '2025-11-13 17:40:05'),
(41, 13, '316-000003', 'C128', 'B20251113194005', '2025-11-13 17:40:05', '2025-11-13 17:40:05'),
(42, 13, '316-000004', 'C128', 'B20251113194005', '2025-11-13 17:40:05', '2025-11-13 17:40:05'),
(43, 15, '318-000001', 'C128', 'B20251113194106', '2025-11-13 17:41:06', '2025-11-13 17:41:06'),
(44, 15, '318-000002', 'C128', 'B20251113194106', '2025-11-13 17:41:06', '2025-11-13 17:41:06'),
(45, 15, '318-000003', 'C128', 'B20251113194106', '2025-11-13 17:41:06', '2025-11-13 17:41:06'),
(46, 16, '319-000001', 'C128', 'B20251113194152', '2025-11-13 17:41:52', '2025-11-13 17:41:52'),
(47, 16, '319-000002', 'C128', 'B20251113194152', '2025-11-13 17:41:52', '2025-11-13 17:41:52'),
(48, 16, '319-000003', 'C128', 'B20251113194152', '2025-11-13 17:41:52', '2025-11-13 17:41:52'),
(49, 16, '319-000004', 'C128', 'B20251113194152', '2025-11-13 17:41:52', '2025-11-13 17:41:52'),
(50, 134, '1134-000001', 'C128', 'B20251113195828', '2025-11-13 17:58:28', '2025-11-13 17:58:28'),
(51, 134, '1134-000002', 'C128', 'B20251113195828', '2025-11-13 17:58:28', '2025-11-13 17:58:28'),
(52, 134, '1134-000003', 'C128', 'B20251113195828', '2025-11-13 17:58:28', '2025-11-13 17:58:28'),
(53, 134, '1134-000004', 'C128', 'B20251113195828', '2025-11-13 17:58:28', '2025-11-13 17:58:28'),
(54, 135, '1135-000001', 'C128', 'B20251113195856', '2025-11-13 17:58:56', '2025-11-13 17:58:56'),
(55, 135, '1135-000002', 'C128', 'B20251113195856', '2025-11-13 17:58:56', '2025-11-13 17:58:56'),
(56, 135, '1135-000003', 'C128', 'B20251113195856', '2025-11-13 17:58:56', '2025-11-13 17:58:56'),
(57, 68, '556-000001', 'C128', 'B20251208152048', '2025-12-08 13:20:48', '2025-12-08 13:20:48'),
(58, 68, '556-000002', 'C128', 'B20251208152048', '2025-12-08 13:20:48', '2025-12-08 13:20:48'),
(59, 1, '102-000001', 'C128', 'B20251208153737', '2025-12-08 13:37:37', '2025-12-08 13:37:37'),
(60, 1, '102-000002', 'C128', 'B20251208153737', '2025-12-08 13:37:37', '2025-12-08 13:37:37'),
(61, 1, '102-000003', 'C128', 'B20251208153737', '2025-12-08 13:37:37', '2025-12-08 13:37:37'),
(62, 1, '102-000004', 'C128', 'B20251208153737', '2025-12-08 13:37:37', '2025-12-08 13:37:37'),
(63, 1, '102-000005', 'C128', 'B20251208153737', '2025-12-08 13:37:37', '2025-12-08 13:37:37'),
(64, 1, '102-000006', 'C128', 'B20251208153737', '2025-12-08 13:37:37', '2025-12-08 13:37:37'),
(65, 101, '1031-000001', 'C128', 'B20251208161801', '2025-12-08 14:18:01', '2025-12-08 14:18:01'),
(66, 101, '1031-000002', 'C128', 'B20251208161801', '2025-12-08 14:18:01', '2025-12-08 14:18:01'),
(67, 101, '1031-000003', 'C128', 'B20251208161801', '2025-12-08 14:18:01', '2025-12-08 14:18:01'),
(68, 101, '1031-000004', 'C128', 'B20251208161801', '2025-12-08 14:18:01', '2025-12-08 14:18:01'),
(69, 101, '1031-000005', 'C128', 'B20251208161801', '2025-12-08 14:18:01', '2025-12-08 14:18:01'),
(70, 101, '1031-000006', 'C128', 'B20251208161801', '2025-12-08 14:18:01', '2025-12-08 14:18:01'),
(71, 101, '1031-000007', 'C128', 'B20251208161801', '2025-12-08 14:18:01', '2025-12-08 14:18:01'),
(72, 101, '1031-000008', 'C128', 'B20251208161801', '2025-12-08 14:18:01', '2025-12-08 14:18:01'),
(73, 101, '1031-000009', 'C128', 'B20251208161801', '2025-12-08 14:18:01', '2025-12-08 14:18:01'),
(74, 101, '1031-000010', 'C128', 'B20251208161801', '2025-12-08 14:18:01', '2025-12-08 14:18:01'),
(75, 101, '1031-000011', 'C128', 'B20251208161801', '2025-12-08 14:18:01', '2025-12-08 14:18:01'),
(76, 101, '1031-000012', 'C128', 'B20251208161801', '2025-12-08 14:18:01', '2025-12-08 14:18:01'),
(77, 101, '1031-000013', 'C128', 'B20251208161801', '2025-12-08 14:18:01', '2025-12-08 14:18:01'),
(78, 101, '1031-000014', 'C128', 'B20251208161801', '2025-12-08 14:18:01', '2025-12-08 14:18:01'),
(79, 101, '1031-000015', 'C128', 'B20251208163054', '2025-12-08 14:30:54', '2025-12-08 14:30:54'),
(80, 101, '1031-000016', 'C128', 'B20251208163054', '2025-12-08 14:30:54', '2025-12-08 14:30:54'),
(81, 101, '1031-000017', 'C128', 'B20251208163054', '2025-12-08 14:30:54', '2025-12-08 14:30:54'),
(82, 101, '1031-000018', 'C128', 'B20251208163054', '2025-12-08 14:30:54', '2025-12-08 14:30:54'),
(83, 101, '1031-000019', 'C128', 'B20251208163054', '2025-12-08 14:30:54', '2025-12-08 14:30:54'),
(84, 101, '1031-000020', 'C128', 'B20251208163054', '2025-12-08 14:30:54', '2025-12-08 14:30:54'),
(85, 101, '1031-000021', 'C128', 'B20251208163054', '2025-12-08 14:30:54', '2025-12-08 14:30:54'),
(86, 101, '1031-000022', 'C128', 'B20251208163054', '2025-12-08 14:30:54', '2025-12-08 14:30:54'),
(87, 101, '1031-000023', 'C128', 'B20251208163054', '2025-12-08 14:30:54', '2025-12-08 14:30:54'),
(88, 101, '1031-000024', 'C128', 'B20251208163054', '2025-12-08 14:30:54', '2025-12-08 14:30:54'),
(89, 101, '1031-000025', 'C128', 'B20251208163054', '2025-12-08 14:30:54', '2025-12-08 14:30:54'),
(90, 3, '104-000001', 'C128', 'B20251208190459', '2025-12-08 17:04:59', '2025-12-08 17:04:59'),
(91, 3, '104-000002', 'C128', 'B20251208190459', '2025-12-08 17:04:59', '2025-12-08 17:04:59'),
(92, 3, '104-000003', 'C128', 'B20251208190459', '2025-12-08 17:04:59', '2025-12-08 17:04:59'),
(93, 3, '104-000004', 'C128', 'B20251208190459', '2025-12-08 17:04:59', '2025-12-08 17:04:59'),
(94, 3, '104-000005', 'C128', 'B20251208190459', '2025-12-08 17:04:59', '2025-12-08 17:04:59'),
(95, 3, '104-000006', 'C128', 'B20251208190459', '2025-12-08 17:04:59', '2025-12-08 17:04:59'),
(96, 4, '105-000001', 'C128', 'B20251208192326', '2025-12-08 17:23:26', '2025-12-08 17:23:26'),
(97, 4, '105-000002', 'C128', 'B20251208192326', '2025-12-08 17:23:26', '2025-12-08 17:23:26'),
(98, 4, '105-000003', 'C128', 'B20251208192326', '2025-12-08 17:23:26', '2025-12-08 17:23:26'),
(99, 4, '105-000004', 'C128', 'B20251208192326', '2025-12-08 17:23:26', '2025-12-08 17:23:26'),
(100, 4, '105-000005', 'C128', 'B20251208192326', '2025-12-08 17:23:26', '2025-12-08 17:23:26'),
(101, 4, '105-000006', 'C128', 'B20251208192326', '2025-12-08 17:23:26', '2025-12-08 17:23:26'),
(102, 5, '106-000001', 'C128', 'B20251208192502', '2025-12-08 17:25:02', '2025-12-08 17:25:02'),
(103, 5, '106-000002', 'C128', 'B20251208192502', '2025-12-08 17:25:02', '2025-12-08 17:25:02'),
(104, 5, '106-000003', 'C128', 'B20251208192502', '2025-12-08 17:25:02', '2025-12-08 17:25:02'),
(105, 5, '106-000004', 'C128', 'B20251208192502', '2025-12-08 17:25:02', '2025-12-08 17:25:02'),
(106, 5, '106-000005', 'C128', 'B20251208192502', '2025-12-08 17:25:02', '2025-12-08 17:25:02'),
(107, 5, '106-000006', 'C128', 'B20251208192502', '2025-12-08 17:25:02', '2025-12-08 17:25:02'),
(108, 9, '109-000001', 'C128', 'B20251208192936', '2025-12-08 17:29:36', '2025-12-08 17:29:36'),
(109, 9, '109-000002', 'C128', 'B20251208192936', '2025-12-08 17:29:36', '2025-12-08 17:29:36'),
(110, 9, '109-000003', 'C128', 'B20251208192936', '2025-12-08 17:29:36', '2025-12-08 17:29:36'),
(111, 9, '109-000004', 'C128', 'B20251208192936', '2025-12-08 17:29:36', '2025-12-08 17:29:36'),
(112, 9, '109-000005', 'C128', 'B20251208192936', '2025-12-08 17:29:36', '2025-12-08 17:29:36'),
(113, 9, '109-000006', 'C128', 'B20251208192936', '2025-12-08 17:29:36', '2025-12-08 17:29:36'),
(114, 11, '111-000001', 'C128', 'B20251208193136', '2025-12-08 17:31:36', '2025-12-08 17:31:36'),
(115, 11, '111-000002', 'C128', 'B20251208193136', '2025-12-08 17:31:36', '2025-12-08 17:31:36'),
(116, 11, '111-000003', 'C128', 'B20251208193136', '2025-12-08 17:31:36', '2025-12-08 17:31:36'),
(117, 11, '111-000004', 'C128', 'B20251208193136', '2025-12-08 17:31:36', '2025-12-08 17:31:36'),
(118, 11, '111-000005', 'C128', 'B20251208193136', '2025-12-08 17:31:36', '2025-12-08 17:31:36'),
(119, 11, '111-000006', 'C128', 'B20251208193136', '2025-12-08 17:31:36', '2025-12-08 17:31:36'),
(120, 15, '318-000004', 'C128', 'B20251208193751', '2025-12-08 17:37:51', '2025-12-08 17:37:51'),
(121, 17, '320-000001', 'C128', 'B20251208194215', '2025-12-08 17:42:15', '2025-12-08 17:42:15'),
(122, 17, '320-000002', 'C128', 'B20251208194215', '2025-12-08 17:42:15', '2025-12-08 17:42:15'),
(123, 17, '320-000003', 'C128', 'B20251208194215', '2025-12-08 17:42:15', '2025-12-08 17:42:15'),
(124, 17, '320-000004', 'C128', 'B20251208194215', '2025-12-08 17:42:15', '2025-12-08 17:42:15'),
(125, 151, '2041-000001', 'C128', 'B20251208195436', '2025-12-08 17:54:36', '2025-12-08 17:54:36'),
(126, 151, '2041-000002', 'C128', 'B20251208195436', '2025-12-08 17:54:36', '2025-12-08 17:54:36'),
(127, 151, '2041-000003', 'C128', 'B20251208195436', '2025-12-08 17:54:36', '2025-12-08 17:54:36'),
(128, 92, '1022-000001', 'C128', 'B20251208201840', '2025-12-08 18:18:40', '2025-12-08 18:18:40'),
(129, 92, '1022-000002', 'C128', 'B20251208201840', '2025-12-08 18:18:40', '2025-12-08 18:18:40'),
(130, 92, '1022-000003', 'C128', 'B20251208201840', '2025-12-08 18:18:40', '2025-12-08 18:18:40'),
(131, 92, '1022-000004', 'C128', 'B20251208201840', '2025-12-08 18:18:40', '2025-12-08 18:18:40'),
(132, 91, '1021-000001', 'C128', 'B20251208202220', '2025-12-08 18:22:20', '2025-12-08 18:22:20'),
(133, 91, '1021-000002', 'C128', 'B20251208202220', '2025-12-08 18:22:20', '2025-12-08 18:22:20'),
(134, 91, '1021-000003', 'C128', 'B20251208202220', '2025-12-08 18:22:20', '2025-12-08 18:22:20'),
(135, 91, '1021-000004', 'C128', 'B20251208202220', '2025-12-08 18:22:20', '2025-12-08 18:22:20'),
(136, 188, '0111-000001', 'C128', 'B20251210201257', '2025-12-10 18:12:57', '2025-12-10 18:12:57'),
(137, 188, '0111-000002', 'C128', 'B20251210201257', '2025-12-10 18:12:57', '2025-12-10 18:12:57'),
(138, 188, '0111-000003', 'C128', 'B20251210201257', '2025-12-10 18:12:57', '2025-12-10 18:12:57'),
(139, 188, '0111-000004', 'C128', 'B20251210201257', '2025-12-10 18:12:57', '2025-12-10 18:12:57'),
(140, 188, '0111-000005', 'C128', 'B20251210201257', '2025-12-10 18:12:57', '2025-12-10 18:12:57'),
(141, 188, '0111-000006', 'C128', 'B20251210201257', '2025-12-10 18:12:57', '2025-12-10 18:12:57'),
(142, 188, '0111-000007', 'C128', 'B20251210201257', '2025-12-10 18:12:57', '2025-12-10 18:12:57'),
(143, 188, '0111-000008', 'C128', 'B20251210201257', '2025-12-10 18:12:57', '2025-12-10 18:12:57'),
(144, 188, '0111-000009', 'C128', 'B20251210201257', '2025-12-10 18:12:57', '2025-12-10 18:12:57'),
(145, 188, '0111-000010', 'C128', 'B20251210201257', '2025-12-10 18:12:57', '2025-12-10 18:12:57'),
(146, 189, '0111-000001', 'C128', 'B20251210224303', '2025-12-10 20:43:03', '2025-12-10 20:43:03'),
(147, 189, '0111-000002', 'C128', 'B20251210224303', '2025-12-10 20:43:03', '2025-12-10 20:43:03'),
(148, 189, '0111-000003', 'C128', 'B20251210224303', '2025-12-10 20:43:03', '2025-12-10 20:43:03'),
(149, 189, '0111-000004', 'C128', 'B20251210224303', '2025-12-10 20:43:03', '2025-12-10 20:43:03'),
(150, 189, '0111-000005', 'C128', 'B20251210224303', '2025-12-10 20:43:03', '2025-12-10 20:43:03'),
(151, 189, '0111-000006', 'C128', 'B20251210224303', '2025-12-10 20:43:03', '2025-12-10 20:43:03'),
(152, 189, '0111-000007', 'C128', 'B20251210224303', '2025-12-10 20:43:03', '2025-12-10 20:43:03'),
(153, 189, '0111-000008', 'C128', 'B20251210224303', '2025-12-10 20:43:03', '2025-12-10 20:43:03'),
(154, 189, '0111-000009', 'C128', 'B20251210224303', '2025-12-10 20:43:03', '2025-12-10 20:43:03'),
(155, 189, '0111-000010', 'C128', 'B20251210224303', '2025-12-10 20:43:03', '2025-12-10 20:43:03'),
(156, 189, '0111-000011', 'C128', 'B20251210224303', '2025-12-10 20:43:03', '2025-12-10 20:43:03'),
(157, 189, '0111-000012', 'C128', 'B20251210224303', '2025-12-10 20:43:03', '2025-12-10 20:43:03'),
(158, 189, '0111-000013', 'C128', 'B20251210224303', '2025-12-10 20:43:03', '2025-12-10 20:43:03'),
(159, 189, '0111-000014', 'C128', 'B20251210224303', '2025-12-10 20:43:03', '2025-12-10 20:43:03'),
(160, 189, '0111-000015', 'C128', 'B20251210224303', '2025-12-10 20:43:03', '2025-12-10 20:43:03'),
(161, 189, '0111-000016', 'C128', 'B20251210224303', '2025-12-10 20:43:03', '2025-12-10 20:43:03'),
(162, 189, '0111-000017', 'C128', 'B20251210224303', '2025-12-10 20:43:03', '2025-12-10 20:43:03'),
(163, 189, '0111-000018', 'C128', 'B20251210224303', '2025-12-10 20:43:03', '2025-12-10 20:43:03'),
(164, 189, '0111-000019', 'C128', 'B20251210224303', '2025-12-10 20:43:03', '2025-12-10 20:43:03'),
(165, 135, '1135-000004', 'C128', 'B20251211193840', '2025-12-11 17:38:40', '2025-12-11 17:38:40'),
(166, 190, '50450-000001', 'C128', 'B20251211194411', '2025-12-11 17:44:11', '2025-12-11 17:44:11'),
(167, 190, '50450-000002', 'C128', 'B20251211194411', '2025-12-11 17:44:11', '2025-12-11 17:44:11'),
(168, 190, '50450-000003', 'C128', 'B20251211194411', '2025-12-11 17:44:11', '2025-12-11 17:44:11'),
(169, 190, '50450-000004', 'C128', 'B20251211194411', '2025-12-11 17:44:11', '2025-12-11 17:44:11'),
(170, 136, '1136-000001', 'C128', 'B20251211194618', '2025-12-11 17:46:18', '2025-12-11 17:46:18'),
(171, 136, '1136-000002', 'C128', 'B20251211194618', '2025-12-11 17:46:18', '2025-12-11 17:46:18'),
(172, 136, '1136-000003', 'C128', 'B20251211194618', '2025-12-11 17:46:18', '2025-12-11 17:46:18'),
(173, 136, '1136-000004', 'C128', 'B20251211194618', '2025-12-11 17:46:18', '2025-12-11 17:46:18'),
(174, 191, '21250-000001', 'C128', 'B20251211194905', '2025-12-11 17:49:05', '2025-12-11 17:49:05'),
(175, 191, '21250-000002', 'C128', 'B20251211194905', '2025-12-11 17:49:05', '2025-12-11 17:49:05'),
(176, 191, '21250-000003', 'C128', 'B20251211194905', '2025-12-11 17:49:05', '2025-12-11 17:49:05'),
(177, 191, '21250-000004', 'C128', 'B20251211194905', '2025-12-11 17:49:05', '2025-12-11 17:49:05'),
(178, 192, '4550-000001', 'C128', 'B20251211195216', '2025-12-11 17:52:16', '2025-12-11 17:52:16'),
(179, 93, '1023-000001', 'C128', 'B20251211195419', '2025-12-11 17:54:19', '2025-12-11 17:54:19'),
(180, 93, '1023-000002', 'C128', 'B20251211195419', '2025-12-11 17:54:19', '2025-12-11 17:54:19'),
(181, 184, '1960-000001', 'C128', 'B20251211195601', '2025-12-11 17:56:01', '2025-12-11 17:56:01'),
(182, 184, '1960-000002', 'C128', 'B20251211195601', '2025-12-11 17:56:01', '2025-12-11 17:56:01'),
(183, 184, '1960-000003', 'C128', 'B20251211195601', '2025-12-11 17:56:01', '2025-12-11 17:56:01'),
(184, 184, '1960-000004', 'C128', 'B20251211195601', '2025-12-11 17:56:01', '2025-12-11 17:56:01'),
(185, 193, '4556-000001', 'C128', 'B20251211200257', '2025-12-11 18:02:57', '2025-12-11 18:02:57'),
(186, 193, '4556-000002', 'C128', 'B20251211200257', '2025-12-11 18:02:57', '2025-12-11 18:02:57'),
(187, 193, '4556-000003', 'C128', 'B20251211200257', '2025-12-11 18:02:57', '2025-12-11 18:02:57'),
(188, 193, '4556-000004', 'C128', 'B20251211200257', '2025-12-11 18:02:57', '2025-12-11 18:02:57'),
(189, 193, '4556-000005', 'C128', 'B20251211200257', '2025-12-11 18:02:57', '2025-12-11 18:02:57'),
(190, 193, '4556-000006', 'C128', 'B20251211200257', '2025-12-11 18:02:57', '2025-12-11 18:02:57'),
(191, 102, '1032-000001', 'C128', 'B20251211201432', '2025-12-11 18:14:32', '2025-12-11 18:14:32'),
(192, 102, '1032-000002', 'C128', 'B20251211201432', '2025-12-11 18:14:32', '2025-12-11 18:14:32'),
(193, 102, '1032-000003', 'C128', 'B20251211201432', '2025-12-11 18:14:32', '2025-12-11 18:14:32'),
(194, 102, '1032-000004', 'C128', 'B20251211201432', '2025-12-11 18:14:32', '2025-12-11 18:14:32'),
(195, 102, '1032-000005', 'C128', 'B20251211201432', '2025-12-11 18:14:32', '2025-12-11 18:14:32'),
(196, 102, '1032-000006', 'C128', 'B20251211201432', '2025-12-11 18:14:32', '2025-12-11 18:14:32'),
(197, 102, '1032-000007', 'C128', 'B20251211201432', '2025-12-11 18:14:32', '2025-12-11 18:14:32'),
(198, 102, '1032-000008', 'C128', 'B20251211201432', '2025-12-11 18:14:32', '2025-12-11 18:14:32'),
(199, 102, '1032-000009', 'C128', 'B20251211201432', '2025-12-11 18:14:32', '2025-12-11 18:14:32'),
(200, 102, '1032-000010', 'C128', 'B20251211201432', '2025-12-11 18:14:32', '2025-12-11 18:14:32'),
(201, 102, '1032-000011', 'C128', 'B20251211201432', '2025-12-11 18:14:32', '2025-12-11 18:14:32'),
(202, 102, '1032-000012', 'C128', 'B20251211201432', '2025-12-11 18:14:32', '2025-12-11 18:14:32'),
(203, 102, '1032-000013', 'C128', 'B20251211201432', '2025-12-11 18:14:32', '2025-12-11 18:14:32'),
(204, 102, '1032-000014', 'C128', 'B20251211201432', '2025-12-11 18:14:32', '2025-12-11 18:14:32'),
(205, 102, '1032-000015', 'C128', 'B20251211201432', '2025-12-11 18:14:32', '2025-12-11 18:14:32'),
(206, 102, '1032-000016', 'C128', 'B20251211201432', '2025-12-11 18:14:32', '2025-12-11 18:14:32'),
(207, 102, '1032-000017', 'C128', 'B20251211201432', '2025-12-11 18:14:32', '2025-12-11 18:14:32'),
(208, 102, '1032-000018', 'C128', 'B20251211201432', '2025-12-11 18:14:32', '2025-12-11 18:14:32'),
(209, 34, '1-000001', 'C128', 'B20251211222142', '2025-12-11 20:21:42', '2025-12-11 20:21:42'),
(210, 34, '1-000002', 'C128', 'B20251211222142', '2025-12-11 20:21:42', '2025-12-11 20:21:42'),
(211, 34, '1-000003', 'C128', 'B20251211222142', '2025-12-11 20:21:42', '2025-12-11 20:21:42'),
(212, 34, '1-000004', 'C128', 'B20251211222142', '2025-12-11 20:21:42', '2025-12-11 20:21:42'),
(213, 38, '4-000001', 'C128', 'B20251211222615', '2025-12-11 20:26:15', '2025-12-11 20:26:15'),
(214, 38, '4-000002', 'C128', 'B20251211222615', '2025-12-11 20:26:15', '2025-12-11 20:26:15'),
(215, 38, '4-000003', 'C128', 'B20251211222615', '2025-12-11 20:26:15', '2025-12-11 20:26:15'),
(216, 38, '4-000004', 'C128', 'B20251211222615', '2025-12-11 20:26:15', '2025-12-11 20:26:15'),
(217, 39, '5-000001', 'C128', 'B20251211222722', '2025-12-11 20:27:22', '2025-12-11 20:27:22'),
(218, 39, '5-000002', 'C128', 'B20251211222722', '2025-12-11 20:27:22', '2025-12-11 20:27:22'),
(219, 39, '5-000003', 'C128', 'B20251211222722', '2025-12-11 20:27:22', '2025-12-11 20:27:22'),
(220, 194, '1257-000001', 'C128', 'B20251211222950', '2025-12-11 20:29:50', '2025-12-11 20:29:50'),
(221, 194, '1257-000002', 'C128', 'B20251211222950', '2025-12-11 20:29:50', '2025-12-11 20:29:50'),
(222, 105, '1035-000001', 'C128', 'B20251211223349', '2025-12-11 20:33:49', '2025-12-11 20:33:49'),
(223, 105, '1035-000002', 'C128', 'B20251211223349', '2025-12-11 20:33:49', '2025-12-11 20:33:49'),
(224, 195, '2024-000001', 'C128', 'B20251211224133', '2025-12-11 20:41:33', '2025-12-11 20:41:33'),
(225, 195, '2024-000002', 'C128', 'B20251211224133', '2025-12-11 20:41:33', '2025-12-11 20:41:33'),
(226, 195, '2024-000003', 'C128', 'B20251211224133', '2025-12-11 20:41:33', '2025-12-11 20:41:33'),
(227, 195, '2024-000004', 'C128', 'B20251211224133', '2025-12-11 20:41:33', '2025-12-11 20:41:33'),
(228, 195, '2024-000005', 'C128', 'B20251211224133', '2025-12-11 20:41:33', '2025-12-11 20:41:33'),
(229, 196, '113-000001', 'C128', 'B20251211225931', '2025-12-11 20:59:31', '2025-12-11 20:59:31'),
(230, 196, '113-000002', 'C128', 'B20251211225931', '2025-12-11 20:59:31', '2025-12-11 20:59:31'),
(231, 197, '013-000001', 'C128', 'B20251213210111', '2025-12-13 19:01:11', '2025-12-13 19:01:11'),
(232, 197, '013-000002', 'C128', 'B20251213210111', '2025-12-13 19:01:11', '2025-12-13 19:01:11'),
(233, 198, '1049-000001', 'C128', 'B20251213210436', '2025-12-13 19:04:36', '2025-12-13 19:04:36'),
(234, 198, '1049-000002', 'C128', 'B20251213210436', '2025-12-13 19:04:36', '2025-12-13 19:04:36'),
(235, 179, '1503-000001', 'C128', 'B20251213210734', '2025-12-13 19:07:34', '2025-12-13 19:07:34'),
(236, 175, '409-000001', 'C128', 'B20251213211049', '2025-12-13 19:10:49', '2025-12-13 19:10:49'),
(237, 175, '409-000002', 'C128', 'B20251213211049', '2025-12-13 19:10:49', '2025-12-13 19:10:49'),
(238, 175, '409-000003', 'C128', 'B20251213211049', '2025-12-13 19:10:49', '2025-12-13 19:10:49'),
(239, 175, '409-000004', 'C128', 'B20251213211847', '2025-12-13 19:18:47', '2025-12-13 19:18:47'),
(240, 200, '8457-000001', 'C128', 'B20251213213143', '2025-12-13 19:31:43', '2025-12-13 19:31:43'),
(241, 201, '178-000001', 'C128', 'B20251213213456', '2025-12-13 19:34:56', '2025-12-13 19:34:56'),
(242, 202, '4524-000001', 'C128', 'B20251213214040', '2025-12-13 19:40:40', '2025-12-13 19:40:40'),
(243, 203, '8546-000001', 'C128', 'B20251214213041', '2025-12-14 19:30:41', '2025-12-14 19:30:41'),
(244, 203, '8546-000002', 'C128', 'B20251214213041', '2025-12-14 19:30:41', '2025-12-14 19:30:41'),
(245, 203, '8546-000003', 'C128', 'B20251214213041', '2025-12-14 19:30:41', '2025-12-14 19:30:41'),
(246, 203, '8546-000004', 'C128', 'B20251214213041', '2025-12-14 19:30:41', '2025-12-14 19:30:41'),
(247, 203, '8546-000005', 'C128', 'B20251214213041', '2025-12-14 19:30:41', '2025-12-14 19:30:41'),
(248, 203, '8546-000006', 'C128', 'B20251214213041', '2025-12-14 19:30:41', '2025-12-14 19:30:41'),
(249, 205, '895-000001', 'C128', 'B20251215194529', '2025-12-15 17:45:29', '2025-12-15 17:45:29'),
(250, 205, '895-000002', 'C128', 'B20251215194529', '2025-12-15 17:45:29', '2025-12-15 17:45:29'),
(251, 205, '895-000003', 'C128', 'B20251215194529', '2025-12-15 17:45:29', '2025-12-15 17:45:29'),
(252, 205, '895-000004', 'C128', 'B20251215194529', '2025-12-15 17:45:29', '2025-12-15 17:45:29'),
(253, 204, '894-000001', 'C128', 'B20251215194739', '2025-12-15 17:47:39', '2025-12-15 17:47:39'),
(254, 204, '894-000002', 'C128', 'B20251215194739', '2025-12-15 17:47:39', '2025-12-15 17:47:39'),
(255, 204, '894-000003', 'C128', 'B20251215194739', '2025-12-15 17:47:39', '2025-12-15 17:47:39'),
(256, 204, '894-000004', 'C128', 'B20251215194739', '2025-12-15 17:47:39', '2025-12-15 17:47:39'),
(257, 204, '894-000005', 'C128', 'B20251215194825', '2025-12-15 17:48:25', '2025-12-15 17:48:25'),
(258, 206, '2541-000001', 'C128', 'B20251215195140', '2025-12-15 17:51:40', '2025-12-15 17:51:40'),
(259, 206, '2541-000002', 'C128', 'B20251215195140', '2025-12-15 17:51:40', '2025-12-15 17:51:40'),
(260, 206, '2541-000003', 'C128', 'B20251215195140', '2025-12-15 17:51:40', '2025-12-15 17:51:40'),
(261, 206, '2541-000004', 'C128', 'B20251215195140', '2025-12-15 17:51:40', '2025-12-15 17:51:40'),
(262, 207, '4178-000001', 'C128', 'B20251215195443', '2025-12-15 17:54:43', '2025-12-15 17:54:43'),
(263, 207, '4178-000002', 'C128', 'B20251215195443', '2025-12-15 17:54:43', '2025-12-15 17:54:43'),
(264, 207, '4178-000003', 'C128', 'B20251215195443', '2025-12-15 17:54:43', '2025-12-15 17:54:43'),
(265, 207, '4178-000004', 'C128', 'B20251215195443', '2025-12-15 17:54:43', '2025-12-15 17:54:43'),
(266, 207, '4178-000005', 'C128', 'B20251215195443', '2025-12-15 17:54:43', '2025-12-15 17:54:43'),
(267, 207, '4178-000006', 'C128', 'B20251215195443', '2025-12-15 17:54:43', '2025-12-15 17:54:43'),
(268, 207, '4178-000007', 'C128', 'B20251215195443', '2025-12-15 17:54:43', '2025-12-15 17:54:43'),
(269, 207, '4178-000008', 'C128', 'B20251215195443', '2025-12-15 17:54:43', '2025-12-15 17:54:43'),
(270, 207, '4178-000009', 'C128', 'B20251215195443', '2025-12-15 17:54:43', '2025-12-15 17:54:43'),
(271, 208, '7862-000001', 'C128', 'B20251215200414', '2025-12-15 18:04:14', '2025-12-15 18:04:14'),
(272, 208, '7862-000002', 'C128', 'B20251215200414', '2025-12-15 18:04:14', '2025-12-15 18:04:14'),
(273, 208, '7862-000003', 'C128', 'B20251215200414', '2025-12-15 18:04:14', '2025-12-15 18:04:14'),
(274, 208, '7862-000004', 'C128', 'B20251215200414', '2025-12-15 18:04:14', '2025-12-15 18:04:14'),
(275, 209, '357-000001', 'C128', 'B20251215201325', '2025-12-15 18:13:25', '2025-12-15 18:13:25'),
(276, 210, '8541-000001', 'C128', 'B20251215201906', '2025-12-15 18:19:06', '2025-12-15 18:19:06'),
(277, 211, '2123-000001', 'C128', 'B20251215202034', '2025-12-15 18:20:34', '2025-12-15 18:20:34'),
(278, 211, '2123-000002', 'C128', 'B20251215202034', '2025-12-15 18:20:34', '2025-12-15 18:20:34'),
(279, 212, '3221-000001', 'C128', 'B20251215202135', '2025-12-15 18:21:35', '2025-12-15 18:21:35'),
(280, 212, '3221-000002', 'C128', 'B20251215202135', '2025-12-15 18:21:35', '2025-12-15 18:21:35'),
(281, 213, '4512-000001', 'C128', 'B20251215202410', '2025-12-15 18:24:10', '2025-12-15 18:24:10'),
(282, 213, '4512-000002', 'C128', 'B20251215202410', '2025-12-15 18:24:10', '2025-12-15 18:24:10'),
(283, 214, '2231-000001', 'C128', 'B20251215202915', '2025-12-15 18:29:15', '2025-12-15 18:29:15'),
(284, 215, '2587-000001', 'C128', 'B20251215203300', '2025-12-15 18:33:00', '2025-12-15 18:33:00'),
(285, 215, '2587-000002', 'C128', 'B20251215203300', '2025-12-15 18:33:00', '2025-12-15 18:33:00'),
(286, 215, '2587-000003', 'C128', 'B20251215203300', '2025-12-15 18:33:00', '2025-12-15 18:33:00'),
(287, 215, '2587-000004', 'C128', 'B20251215203300', '2025-12-15 18:33:00', '2025-12-15 18:33:00'),
(288, 215, '2587-000005', 'C128', 'B20251215203300', '2025-12-15 18:33:00', '2025-12-15 18:33:00'),
(289, 215, '2587-000006', 'C128', 'B20251215203300', '2025-12-15 18:33:00', '2025-12-15 18:33:00'),
(290, 215, '2587-000007', 'C128', 'B20251215203300', '2025-12-15 18:33:00', '2025-12-15 18:33:00'),
(291, 215, '2587-000008', 'C128', 'B20251215203300', '2025-12-15 18:33:00', '2025-12-15 18:33:00'),
(292, 215, '2587-000009', 'C128', 'B20251215203300', '2025-12-15 18:33:00', '2025-12-15 18:33:00'),
(293, 215, '2587-000010', 'C128', 'B20251215203300', '2025-12-15 18:33:00', '2025-12-15 18:33:00'),
(294, 216, '1172-000001', 'C128', 'B20251215204316', '2025-12-15 18:43:16', '2025-12-15 18:43:16'),
(295, 216, '1172-000002', 'C128', 'B20251215204316', '2025-12-15 18:43:16', '2025-12-15 18:43:16'),
(296, 217, '88-000001', 'C128', 'B20251215204624', '2025-12-15 18:46:24', '2025-12-15 18:46:24'),
(297, 217, '88-000002', 'C128', 'B20251215204624', '2025-12-15 18:46:24', '2025-12-15 18:46:24'),
(298, 218, '2544-000001', 'C128', 'B20251215204944', '2025-12-15 18:49:44', '2025-12-15 18:49:44'),
(299, 219, '1175-000001', 'C128', 'B20251215205218', '2025-12-15 18:52:18', '2025-12-15 18:52:18'),
(300, 219, '1175-000002', 'C128', 'B20251215205218', '2025-12-15 18:52:18', '2025-12-15 18:52:18'),
(301, 35, '2-000001', 'C128', 'B20251215205321', '2025-12-15 18:53:21', '2025-12-15 18:53:21'),
(302, 35, '2-000002', 'C128', 'B20251215205321', '2025-12-15 18:53:21', '2025-12-15 18:53:21'),
(303, 103, '1033-000001', 'C128', 'B20251215210148', '2025-12-15 19:01:48', '2025-12-15 19:01:48'),
(304, 103, '1033-000002', 'C128', 'B20251215210148', '2025-12-15 19:01:48', '2025-12-15 19:01:48'),
(305, 103, '1033-000003', 'C128', 'B20251215210148', '2025-12-15 19:01:48', '2025-12-15 19:01:48'),
(306, 103, '1033-000004', 'C128', 'B20251215210148', '2025-12-15 19:01:48', '2025-12-15 19:01:48'),
(307, 103, '1033-000005', 'C128', 'B20251215210148', '2025-12-15 19:01:48', '2025-12-15 19:01:48'),
(308, 103, '1033-000006', 'C128', 'B20251215210148', '2025-12-15 19:01:48', '2025-12-15 19:01:48'),
(309, 103, '1033-000007', 'C128', 'B20251215210148', '2025-12-15 19:01:48', '2025-12-15 19:01:48'),
(310, 103, '1033-000008', 'C128', 'B20251215210148', '2025-12-15 19:01:48', '2025-12-15 19:01:48'),
(311, 103, '1033-000009', 'C128', 'B20251215210148', '2025-12-15 19:01:48', '2025-12-15 19:01:48'),
(312, 103, '1033-000010', 'C128', 'B20251215210148', '2025-12-15 19:01:48', '2025-12-15 19:01:48'),
(313, 103, '1033-000011', 'C128', 'B20251215210148', '2025-12-15 19:01:48', '2025-12-15 19:01:48'),
(314, 103, '1033-000012', 'C128', 'B20251215210148', '2025-12-15 19:01:48', '2025-12-15 19:01:48'),
(315, 103, '1033-000013', 'C128', 'B20251215210148', '2025-12-15 19:01:48', '2025-12-15 19:01:48'),
(316, 103, '1033-000014', 'C128', 'B20251215210310', '2025-12-15 19:03:10', '2025-12-15 19:03:10'),
(317, 103, '1033-000015', 'C128', 'B20251215210310', '2025-12-15 19:03:10', '2025-12-15 19:03:10'),
(318, 99, '1029-000001', 'C128', 'B20251215211822', '2025-12-15 19:18:22', '2025-12-15 19:18:22'),
(319, 99, '1029-000002', 'C128', 'B20251215211822', '2025-12-15 19:18:22', '2025-12-15 19:18:22'),
(320, 220, '1478-000001', 'C128', 'B20251215212145', '2025-12-15 19:21:45', '2025-12-15 19:21:45'),
(321, 220, '1478-000002', 'C128', 'B20251215212145', '2025-12-15 19:21:45', '2025-12-15 19:21:45'),
(322, 103, '1033-000016', 'C128', 'B20251215212850', '2025-12-15 19:28:50', '2025-12-15 19:28:50'),
(323, 89, '1019-000001', 'C128', 'B20251216210946', '2025-12-16 19:09:46', '2025-12-16 19:09:46'),
(324, 89, '1019-000002', 'C128', 'B20251216210946', '2025-12-16 19:09:46', '2025-12-16 19:09:46'),
(325, 89, '1019-000003', 'C128', 'B20251216210946', '2025-12-16 19:09:46', '2025-12-16 19:09:46'),
(326, 89, '1019-000004', 'C128', 'B20251216210946', '2025-12-16 19:09:46', '2025-12-16 19:09:46'),
(327, 89, '1019-000005', 'C128', 'B20251216210946', '2025-12-16 19:09:46', '2025-12-16 19:09:46'),
(328, 89, '1019-000006', 'C128', 'B20251216210946', '2025-12-16 19:09:46', '2025-12-16 19:09:46'),
(329, 89, '1019-000007', 'C128', 'B20251216210946', '2025-12-16 19:09:46', '2025-12-16 19:09:46'),
(330, 89, '1019-000008', 'C128', 'B20251216210946', '2025-12-16 19:09:46', '2025-12-16 19:09:46'),
(331, 89, '1019-000009', 'C128', 'B20251216210946', '2025-12-16 19:09:46', '2025-12-16 19:09:46'),
(332, 89, '1019-000010', 'C128', 'B20251216210946', '2025-12-16 19:09:46', '2025-12-16 19:09:46'),
(333, 70, '558-000001', 'C128', 'B20251216211545', '2025-12-16 19:15:45', '2025-12-16 19:15:45'),
(334, 70, '558-000002', 'C128', 'B20251216211545', '2025-12-16 19:15:45', '2025-12-16 19:15:45'),
(335, 221, '5560-000001', 'C128', 'B20251218215056', '2025-12-18 19:50:56', '2025-12-18 19:50:56'),
(336, 221, '5560-000002', 'C128', 'B20251218215056', '2025-12-18 19:50:56', '2025-12-18 19:50:56'),
(337, 221, '5560-000003', 'C128', 'B20251218215056', '2025-12-18 19:50:56', '2025-12-18 19:50:56'),
(338, 221, '5560-000004', 'C128', 'B20251218215056', '2025-12-18 19:50:56', '2025-12-18 19:50:56'),
(339, 221, '5560-000005', 'C128', 'B20251218215056', '2025-12-18 19:50:56', '2025-12-18 19:50:56'),
(340, 222, '629-000001', 'C128', 'B20251218215925', '2025-12-18 19:59:25', '2025-12-18 19:59:25'),
(341, 222, '629-000002', 'C128', 'B20251218215925', '2025-12-18 19:59:25', '2025-12-18 19:59:25'),
(342, 222, '629-000003', 'C128', 'B20251218215925', '2025-12-18 19:59:25', '2025-12-18 19:59:25'),
(343, 222, '629-000004', 'C128', 'B20251218215925', '2025-12-18 19:59:25', '2025-12-18 19:59:25'),
(344, 223, '4541-000001', 'C128', 'B20251218221306', '2025-12-18 20:13:06', '2025-12-18 20:13:06'),
(345, 224, '8784-000001', 'C128', 'B20251218223904', '2025-12-18 20:39:04', '2025-12-18 20:39:04'),
(346, 225, '2086-000001', 'C128', 'B20251218224831', '2025-12-18 20:48:31', '2025-12-18 20:48:31'),
(347, 225, '2086-000002', 'C128', 'B20251218224831', '2025-12-18 20:48:31', '2025-12-18 20:48:31'),
(348, 225, '2086-000003', 'C128', 'B20251218224831', '2025-12-18 20:48:31', '2025-12-18 20:48:31'),
(349, 223, '4541-000002', 'C128', 'B20251218225023', '2025-12-18 20:50:23', '2025-12-18 20:50:23'),
(350, 226, '7878-000001', 'C128', 'B20251218225515', '2025-12-18 20:55:15', '2025-12-18 20:55:15'),
(351, 226, '7878-000002', 'C128', 'B20251218225515', '2025-12-18 20:55:15', '2025-12-18 20:55:15'),
(352, 226, '7878-000003', 'C128', 'B20251218225515', '2025-12-18 20:55:15', '2025-12-18 20:55:15'),
(353, 227, '4549-000001', 'C128', 'B20251218230038', '2025-12-18 21:00:38', '2025-12-18 21:00:38'),
(354, 227, '4549-000002', 'C128', 'B20251218230038', '2025-12-18 21:00:38', '2025-12-18 21:00:38'),
(355, 227, '4549-000003', 'C128', 'B20251218230038', '2025-12-18 21:00:38', '2025-12-18 21:00:38'),
(356, 228, '4562-000001', 'C128', 'B20251218230227', '2025-12-18 21:02:27', '2025-12-18 21:02:27'),
(357, 228, '4562-000002', 'C128', 'B20251218230227', '2025-12-18 21:02:27', '2025-12-18 21:02:27'),
(358, 228, '4562-000003', 'C128', 'B20251218230227', '2025-12-18 21:02:27', '2025-12-18 21:02:27'),
(359, 228, '4562-000004', 'C128', 'B20251218230227', '2025-12-18 21:02:27', '2025-12-18 21:02:27'),
(360, 229, '8748-000001', 'C128', 'B20251218234825', '2025-12-18 21:48:25', '2025-12-18 21:48:25'),
(361, 229, '8748-000002', 'C128', 'B20251218234825', '2025-12-18 21:48:25', '2025-12-18 21:48:25'),
(362, 229, '8748-000003', 'C128', 'B20251218234825', '2025-12-18 21:48:25', '2025-12-18 21:48:25'),
(363, 229, '8748-000004', 'C128', 'B20251218234825', '2025-12-18 21:48:25', '2025-12-18 21:48:25'),
(364, 230, '8524-000001', 'C128', 'B20251218235022', '2025-12-18 21:50:22', '2025-12-18 21:50:22'),
(365, 230, '8524-000002', 'C128', 'B20251218235022', '2025-12-18 21:50:22', '2025-12-18 21:50:22'),
(366, 230, '8524-000003', 'C128', 'B20251218235022', '2025-12-18 21:50:22', '2025-12-18 21:50:22'),
(367, 230, '8524-000004', 'C128', 'B20251218235022', '2025-12-18 21:50:22', '2025-12-18 21:50:22'),
(368, 230, '8524-000005', 'C128', 'B20251218235022', '2025-12-18 21:50:22', '2025-12-18 21:50:22'),
(369, 103, '1033-000017', 'C128', 'B20251218235729', '2025-12-18 21:57:29', '2025-12-18 21:57:29'),
(370, 103, '1033-000018', 'C128', 'B20251218235729', '2025-12-18 21:57:29', '2025-12-18 21:57:29'),
(371, 103, '1033-000019', 'C128', 'B20251218235729', '2025-12-18 21:57:29', '2025-12-18 21:57:29'),
(372, 96, '1026-000001', 'C128', 'B20251219000450', '2025-12-18 22:04:50', '2025-12-18 22:04:50'),
(373, 96, '1026-000002', 'C128', 'B20251219000450', '2025-12-18 22:04:50', '2025-12-18 22:04:50'),
(374, 95, '1025-000001', 'C128', 'B20251219000543', '2025-12-18 22:05:43', '2025-12-18 22:05:43'),
(375, 95, '1025-000002', 'C128', 'B20251219000543', '2025-12-18 22:05:43', '2025-12-18 22:05:43'),
(376, 94, '1024-000001', 'C128', 'B20251219000614', '2025-12-18 22:06:14', '2025-12-18 22:06:14'),
(377, 94, '1024-000002', 'C128', 'B20251219000614', '2025-12-18 22:06:14', '2025-12-18 22:06:14'),
(378, 231, '1994-000001', 'C128', 'B20251219000819', '2025-12-18 22:08:19', '2025-12-18 22:08:19'),
(379, 231, '1994-000002', 'C128', 'B20251219000819', '2025-12-18 22:08:19', '2025-12-18 22:08:19'),
(380, 231, '1994-000003', 'C128', 'B20251219000819', '2025-12-18 22:08:19', '2025-12-18 22:08:19'),
(381, 231, '1994-000004', 'C128', 'B20251219000819', '2025-12-18 22:08:19', '2025-12-18 22:08:19'),
(382, 231, '1994-000005', 'C128', 'B20251219000819', '2025-12-18 22:08:19', '2025-12-18 22:08:19'),
(383, 231, '1994-000006', 'C128', 'B20251219000819', '2025-12-18 22:08:19', '2025-12-18 22:08:19'),
(384, 232, '8574-000001', 'C128', 'B20251219001113', '2025-12-18 22:11:13', '2025-12-18 22:11:13'),
(385, 232, '8574-000002', 'C128', 'B20251219001113', '2025-12-18 22:11:13', '2025-12-18 22:11:13'),
(386, 232, '8574-000003', 'C128', 'B20251219001113', '2025-12-18 22:11:13', '2025-12-18 22:11:13'),
(387, 233, '1258-000001', 'C128', 'B20251221210731', '2025-12-21 19:07:31', '2025-12-21 19:07:31'),
(388, 233, '1258-000002', 'C128', 'B20251221210731', '2025-12-21 19:07:31', '2025-12-21 19:07:31'),
(389, 84, '1013-000001', 'C128', 'B20251221213920', '2025-12-21 19:39:20', '2025-12-21 19:39:20'),
(390, 84, '1013-000002', 'C128', 'B20251221213920', '2025-12-21 19:39:20', '2025-12-21 19:39:20'),
(391, 84, '1013-000003', 'C128', 'B20251221213920', '2025-12-21 19:39:20', '2025-12-21 19:39:20'),
(392, 84, '1013-000004', 'C128', 'B20251221213920', '2025-12-21 19:39:20', '2025-12-21 19:39:20'),
(393, 84, '1013-000005', 'C128', 'B20251221213920', '2025-12-21 19:39:20', '2025-12-21 19:39:20'),
(394, 84, '1013-000006', 'C128', 'B20251221213920', '2025-12-21 19:39:20', '2025-12-21 19:39:20'),
(395, 84, '1013-000007', 'C128', 'B20251221213920', '2025-12-21 19:39:20', '2025-12-21 19:39:20'),
(396, 84, '1013-000008', 'C128', 'B20251221213920', '2025-12-21 19:39:20', '2025-12-21 19:39:20'),
(397, 84, '1013-000009', 'C128', 'B20251221213920', '2025-12-21 19:39:20', '2025-12-21 19:39:20'),
(398, 84, '1013-000010', 'C128', 'B20251221213920', '2025-12-21 19:39:20', '2025-12-21 19:39:20'),
(399, 84, '1013-000011', 'C128', 'B20251221213920', '2025-12-21 19:39:20', '2025-12-21 19:39:20'),
(400, 84, '1013-000012', 'C128', 'B20251221213920', '2025-12-21 19:39:20', '2025-12-21 19:39:20'),
(401, 84, '1013-000013', 'C128', 'B20251221213920', '2025-12-21 19:39:20', '2025-12-21 19:39:20'),
(402, 84, '1013-000014', 'C128', 'B20251221213920', '2025-12-21 19:39:20', '2025-12-21 19:39:20'),
(403, 130, '1229-000001', 'C128', 'B20251221214248', '2025-12-21 19:42:48', '2025-12-21 19:42:48'),
(404, 130, '1229-000002', 'C128', 'B20251221214248', '2025-12-21 19:42:48', '2025-12-21 19:42:48'),
(405, 130, '1229-000003', 'C128', 'B20251221214248', '2025-12-21 19:42:48', '2025-12-21 19:42:48'),
(406, 130, '1229-000004', 'C128', 'B20251221214248', '2025-12-21 19:42:48', '2025-12-21 19:42:48'),
(407, 138, '2025-000001', 'C128', 'B20251221214416', '2025-12-21 19:44:16', '2025-12-21 19:44:16'),
(408, 138, '2025-000002', 'C128', 'B20251221214416', '2025-12-21 19:44:16', '2025-12-21 19:44:16'),
(409, 138, '2025-000003', 'C128', 'B20251221214416', '2025-12-21 19:44:16', '2025-12-21 19:44:16'),
(410, 138, '2025-000004', 'C128', 'B20251221214416', '2025-12-21 19:44:16', '2025-12-21 19:44:16'),
(411, 138, '2025-000005', 'C128', 'B20251221214416', '2025-12-21 19:44:16', '2025-12-21 19:44:16'),
(412, 227, '4549-000004', 'C128', 'B20251221214524', '2025-12-21 19:45:24', '2025-12-21 19:45:24'),
(413, 227, '4549-000005', 'C128', 'B20251221214524', '2025-12-21 19:45:24', '2025-12-21 19:45:24'),
(414, 227, '4549-000006', 'C128', 'B20251221214524', '2025-12-21 19:45:24', '2025-12-21 19:45:24'),
(415, 227, '4549-000007', 'C128', 'B20251221214524', '2025-12-21 19:45:24', '2025-12-21 19:45:24'),
(416, 227, '4549-000008', 'C128', 'B20251221214524', '2025-12-21 19:45:24', '2025-12-21 19:45:24'),
(417, 227, '4549-000009', 'C128', 'B20251221214524', '2025-12-21 19:45:24', '2025-12-21 19:45:24'),
(418, 227, '4549-000010', 'C128', 'B20251221214524', '2025-12-21 19:45:24', '2025-12-21 19:45:24'),
(419, 234, '5564-000001', 'C128', 'B20251221214723', '2025-12-21 19:47:23', '2025-12-21 19:47:23'),
(420, 235, '2076-000001', 'C128', 'B20251221215039', '2025-12-21 19:50:39', '2025-12-21 19:50:39'),
(421, 235, '2076-000002', 'C128', 'B20251221215039', '2025-12-21 19:50:39', '2025-12-21 19:50:39'),
(422, 235, '2076-000003', 'C128', 'B20251221215039', '2025-12-21 19:50:39', '2025-12-21 19:50:39'),
(423, 236, '1259-000001', 'C128', 'B20251221215154', '2025-12-21 19:51:54', '2025-12-21 19:51:54'),
(424, 236, '1259-000002', 'C128', 'B20251221215154', '2025-12-21 19:51:54', '2025-12-21 19:51:54'),
(425, 237, '1260-000001', 'C128', 'B20251221215248', '2025-12-21 19:52:48', '2025-12-21 19:52:48'),
(426, 237, '1260-000002', 'C128', 'B20251221215248', '2025-12-21 19:52:48', '2025-12-21 19:52:48'),
(427, 238, '03-000001', 'C128', 'B20251221215511', '2025-12-21 19:55:11', '2025-12-21 19:55:11'),
(428, 239, '04-000001', 'C128', 'B20251221215623', '2025-12-21 19:56:23', '2025-12-21 19:56:23'),
(429, 239, '04-000002', 'C128', 'B20251221215623', '2025-12-21 19:56:23', '2025-12-21 19:56:23'),
(430, 240, '05-000001', 'C128', 'B20251221215842', '2025-12-21 19:58:42', '2025-12-21 19:58:42'),
(431, 241, '06-000001', 'C128', 'B20251221220124', '2025-12-21 20:01:24', '2025-12-21 20:01:24'),
(432, 241, '06-000002', 'C128', 'B20251221220124', '2025-12-21 20:01:24', '2025-12-21 20:01:24'),
(433, 242, '07-000001', 'C128', 'B20251221220340', '2025-12-21 20:03:40', '2025-12-21 20:03:40'),
(434, 242, '07-000002', 'C128', 'B20251221220340', '2025-12-21 20:03:40', '2025-12-21 20:03:40'),
(435, 243, '08-000001', 'C128', 'B20251221220519', '2025-12-21 20:05:19', '2025-12-21 20:05:19'),
(436, 244, '09-000001', 'C128', 'B20251221220714', '2025-12-21 20:07:14', '2025-12-21 20:07:14'),
(437, 245, '0010-000001', 'C128', 'B20251221220830', '2025-12-21 20:08:30', '2025-12-21 20:08:30'),
(438, 245, '0010-000002', 'C128', 'B20251221220830', '2025-12-21 20:08:30', '2025-12-21 20:08:30'),
(439, 246, '0011-000001', 'C128', 'B20251221221000', '2025-12-21 20:10:00', '2025-12-21 20:10:00'),
(440, 247, '4551-000001', 'C128', 'B20251222201846', '2025-12-22 18:18:46', '2025-12-22 18:18:46'),
(441, 247, '4551-000002', 'C128', 'B20251222201846', '2025-12-22 18:18:46', '2025-12-22 18:18:46'),
(442, 247, '4551-000003', 'C128', 'B20251222201846', '2025-12-22 18:18:46', '2025-12-22 18:18:46'),
(443, 249, '87433-000001', 'C128', 'B20251224193032', '2025-12-24 17:30:32', '2025-12-24 17:30:32'),
(444, 249, '87433-000002', 'C128', 'B20251224193032', '2025-12-24 17:30:32', '2025-12-24 17:30:32'),
(445, 249, '87433-000003', 'C128', 'B20251224193032', '2025-12-24 17:30:32', '2025-12-24 17:30:32'),
(446, 249, '87433-000004', 'C128', 'B20251224193032', '2025-12-24 17:30:32', '2025-12-24 17:30:32'),
(447, 249, '87433-000005', 'C128', 'B20251224193032', '2025-12-24 17:30:32', '2025-12-24 17:30:32'),
(448, 249, '87433-000006', 'C128', 'B20251224193032', '2025-12-24 17:30:32', '2025-12-24 17:30:32'),
(449, 249, '87433-000007', 'C128', 'B20251224200230', '2025-12-24 18:02:30', '2025-12-24 18:02:30'),
(450, 249, '87433-000008', 'C128', 'B20251224200230', '2025-12-24 18:02:30', '2025-12-24 18:02:30'),
(451, 250, 'J1132-000001', 'C128', 'B20251225191903', '2025-12-25 17:19:03', '2025-12-25 17:19:03'),
(452, 250, 'J1132-000002', 'C128', 'B20251225191903', '2025-12-25 17:19:03', '2025-12-25 17:19:03'),
(453, 250, 'J1132-000003', 'C128', 'B20251225191903', '2025-12-25 17:19:03', '2025-12-25 17:19:03'),
(454, 250, 'J1132-000004', 'C128', 'B20251225191903', '2025-12-25 17:19:03', '2025-12-25 17:19:03'),
(455, 250, 'J1132-000005', 'C128', 'B20251225191903', '2025-12-25 17:19:03', '2025-12-25 17:19:03'),
(456, 250, 'J1132-000006', 'C128', 'B20251225191903', '2025-12-25 17:19:03', '2025-12-25 17:19:03'),
(457, 250, 'J1132-000007', 'C128', 'B20251225191903', '2025-12-25 17:19:03', '2025-12-25 17:19:03');

-- --------------------------------------------------------

--
-- Table structure for table `cache`
--

CREATE TABLE `cache` (
  `key` varchar(255) COLLATE utf8mb4_unicode_ci NOT NULL,
  `value` mediumtext COLLATE utf8mb4_unicode_ci NOT NULL,
  `expiration` int NOT NULL
) ENGINE=InnoDB DEFAULT CHARSET=utf8mb4 COLLATE=utf8mb4_unicode_ci;

--
-- Dumping data for table `cache`
--

INSERT INTO `cache` (`key`, `value`, `expiration`) VALUES
('pos-cache-9f95e5a1b0972dd40ddbddf1e4bc7322960723a6', 'a:2:{s:3:\"key\";s:109:\"genealabs:laravel-model-caching:mysql:pos-clothes:suppliers:appmodelssupplier-suppliers.deleted_at_null-count\";s:5:\"value\";i:349;}', 2077879722),
('pos-cache-b77a64f42277427fbb5f8fbef94b39e2184cd540', 'a:2:{s:3:\"key\";s:96:\"genealabs:laravel-model-caching:mysql:pos-clothes:product-variants:appmodelsproductvariant-count\";s:5:\"value\";i:202;}', 2077879722),
('pos-cache-e422de36fbc3f7062fbb4a5e698be73e1455fdff', 'a:2:{s:3:\"key\";s:126:\"genealabs:laravel-model-caching:mysql:pos-clothes:product-variants:appmodelsproductvariant-and_stock_qty_<_reorder_level-count\";s:5:\"value\";i:49;}', 2077879722),
('pos-cache-stats.low_stock_count', 'i:49;', 1762521522),
('pos-cache-stats.product_variant_count', 'i:202;', 1762521522),
('pos-cache-stats.sales_count', 'i:21;', 1762521522),
('pos-cache-stats.supplier_count', 'i:349;', 1762521522);

-- --------------------------------------------------------

--
-- Table structure for table `cache_locks`
--

CREATE TABLE `cache_locks` (
  `key` varchar(255) COLLATE utf8mb4_unicode_ci NOT NULL,
  `owner` varchar(255) COLLATE utf8mb4_unicode_ci NOT NULL,
  `expiration` int NOT NULL
) ENGINE=InnoDB DEFAULT CHARSET=utf8mb4 COLLATE=utf8mb4_unicode_ci;

-- --------------------------------------------------------

--
-- Table structure for table `credits`
--
-- Error reading structure for table pos-clothes.credits: #1812 - Tablespace is missing for table `pos-clothes`.`credits`.
-- Error reading data for table pos-clothes.credits: #1812 - Tablespace is missing for table `pos-clothes`.`credits`.

-- --------------------------------------------------------

--
-- Table structure for table `customers`
--
-- Error reading structure for table pos-clothes.customers: #1812 - Tablespace is missing for table `pos-clothes`.`customers`.
-- Error reading data for table pos-clothes.customers: #1812 - Tablespace is missing for table `pos-clothes`.`customers`.

-- --------------------------------------------------------

--
-- Table structure for table `failed_jobs`
--

CREATE TABLE `failed_jobs` (
  `id` bigint UNSIGNED NOT NULL,
  `uuid` varchar(255) COLLATE utf8mb4_unicode_ci NOT NULL,
  `connection` text COLLATE utf8mb4_unicode_ci NOT NULL,
  `queue` text COLLATE utf8mb4_unicode_ci NOT NULL,
  `payload` longtext COLLATE utf8mb4_unicode_ci NOT NULL,
  `exception` longtext COLLATE utf8mb4_unicode_ci NOT NULL,
  `failed_at` timestamp NOT NULL DEFAULT CURRENT_TIMESTAMP
) ENGINE=InnoDB DEFAULT CHARSET=utf8mb4 COLLATE=utf8mb4_unicode_ci;

-- --------------------------------------------------------

--
-- Table structure for table `jobs`
--

CREATE TABLE `jobs` (
  `id` bigint UNSIGNED NOT NULL,
  `queue` varchar(255) COLLATE utf8mb4_unicode_ci NOT NULL,
  `payload` longtext COLLATE utf8mb4_unicode_ci NOT NULL,
  `attempts` tinyint UNSIGNED NOT NULL,
  `reserved_at` int UNSIGNED DEFAULT NULL,
  `available_at` int UNSIGNED NOT NULL,
  `created_at` int UNSIGNED NOT NULL
) ENGINE=InnoDB DEFAULT CHARSET=utf8mb4 COLLATE=utf8mb4_unicode_ci;

-- --------------------------------------------------------

--
-- Table structure for table `job_batches`
--

CREATE TABLE `job_batches` (
  `id` varchar(255) COLLATE utf8mb4_unicode_ci NOT NULL,
  `name` varchar(255) COLLATE utf8mb4_unicode_ci NOT NULL,
  `total_jobs` int NOT NULL,
  `pending_jobs` int NOT NULL,
  `failed_jobs` int NOT NULL,
  `failed_job_ids` longtext COLLATE utf8mb4_unicode_ci NOT NULL,
  `options` mediumtext COLLATE utf8mb4_unicode_ci,
  `cancelled_at` int DEFAULT NULL,
  `created_at` int NOT NULL,
  `finished_at` int DEFAULT NULL
) ENGINE=InnoDB DEFAULT CHARSET=utf8mb4 COLLATE=utf8mb4_unicode_ci;

-- --------------------------------------------------------

--
-- Table structure for table `migrations`
--

CREATE TABLE `migrations` (
  `id` int UNSIGNED NOT NULL,
  `migration` varchar(255) COLLATE utf8mb4_unicode_ci NOT NULL,
  `batch` int NOT NULL
) ENGINE=InnoDB DEFAULT CHARSET=utf8mb4 COLLATE=utf8mb4_unicode_ci;

--
-- Dumping data for table `migrations`
--

INSERT INTO `migrations` (`id`, `migration`, `batch`) VALUES
(1, '0001_01_01_000000_create_users_table', 1),
(2, '0001_01_01_000001_create_cache_table', 1),
(3, '0001_01_01_000002_create_jobs_table', 1),
(4, '2025_08_29_151459_products', 1),
(5, '2025_08_29_151527_product_variants', 1),
(6, '2025_08_29_151549_suppliers', 1),
(7, '2025_08_29_151604_purchases', 1),
(8, '2025_08_29_151616_purchase_items', 1),
(9, '2025_08_29_151646_sale_items', 2),
(10, '2025_08_29_151702_stock_movements', 3),
(11, '2025_08_29_151732_customers', 4),
(12, '2025_09_01_163508_edit_products_table', 5),
(13, '2025_09_01_165458_supplier_payments', 6),
(14, '2025_09_03_150922_update_product_variant_table', 7),
(15, '2025_09_04_115133_create_telescope_entries_table', 8),
(17, '2025_10_27_204537_speedups_on_product_variants', 9),
(18, '2025_11_08_193156_add_barcode_to_product_variants', 10),
(19, '2025_11_13_203446_create_credits_table', 11),
(20, '2025_11_13_222224_add_date_to_credit_table', 12),
(21, '2025_11_15_172001_add_fields_to_supplier_payments_table', 13),
(22, '2025_11_16_212812_add_role_and_is_active_to_users_table', 14),
(23, '2025_11_19_133646_create_balances_table', 15),
(24, '2025_11_19_185828_add_sale_type_to_sales_table', 16);

-- --------------------------------------------------------

--
-- Table structure for table `password_reset_tokens`
--

CREATE TABLE `password_reset_tokens` (
  `email` varchar(255) COLLATE utf8mb4_unicode_ci NOT NULL,
  `token` varchar(255) COLLATE utf8mb4_unicode_ci NOT NULL,
  `created_at` timestamp NULL DEFAULT NULL
) ENGINE=InnoDB DEFAULT CHARSET=utf8mb4 COLLATE=utf8mb4_unicode_ci;

-- --------------------------------------------------------

--
-- Table structure for table `products`
--

CREATE TABLE `products` (
  `id` bigint UNSIGNED NOT NULL,
  `supplier_id` bigint UNSIGNED DEFAULT NULL,
  `name` varchar(255) COLLATE utf8mb4_unicode_ci NOT NULL,
  `brand` varchar(255) COLLATE utf8mb4_unicode_ci DEFAULT NULL,
  `category_id` bigint UNSIGNED DEFAULT NULL,
  `tax_rate` decimal(5,2) NOT NULL DEFAULT '0.00',
  `is_active` tinyint(1) NOT NULL DEFAULT '1',
  `created_at` timestamp NULL DEFAULT NULL,
  `updated_at` timestamp NULL DEFAULT NULL
) ENGINE=InnoDB DEFAULT CHARSET=utf8mb4 COLLATE=utf8mb4_unicode_ci;

-- --------------------------------------------------------

--
-- Table structure for table `product_variants`
--

CREATE TABLE `product_variants` (
  `id` bigint UNSIGNED NOT NULL,
  `product_id` bigint UNSIGNED DEFAULT NULL,
  `supplier_id` bigint UNSIGNED DEFAULT NULL,
  `sku` varchar(255) COLLATE utf8mb4_unicode_ci NOT NULL,
  `barcode` varchar(50) COLLATE utf8mb4_unicode_ci DEFAULT NULL,
  `color` varchar(255) COLLATE utf8mb4_unicode_ci DEFAULT NULL,
  `size` varchar(255) COLLATE utf8mb4_unicode_ci DEFAULT NULL,
  `cost` decimal(10,2) NOT NULL DEFAULT '0.00',
  `price` decimal(10,2) NOT NULL DEFAULT '0.00',
  `stock_qty` int NOT NULL DEFAULT '0',
  `reorder_level` int NOT NULL DEFAULT '0',
  `created_at` timestamp NULL DEFAULT NULL,
  `updated_at` timestamp NULL DEFAULT NULL,
  `name` varchar(255) COLLATE utf8mb4_unicode_ci NOT NULL,
  `is_low_stock` tinyint(1) GENERATED ALWAYS AS ((`stock_qty` < `reorder_level`)) STORED
) ENGINE=InnoDB DEFAULT CHARSET=utf8mb4 COLLATE=utf8mb4_unicode_ci;

--
-- Dumping data for table `product_variants`
--

INSERT INTO `product_variants` (`id`, `product_id`, `supplier_id`, `sku`, `barcode`, `color`, `size`, `cost`, `price`, `stock_qty`, `reorder_level`, `created_at`, `updated_at`, `name`) VALUES
(1, NULL, NULL, '102', '102', '--', '40', 214.00, 270.00, 5, 1, '2025-11-09 15:10:44', '2025-12-24 19:40:37', '   2  '),
(2, NULL, NULL, '103', '103', '--', '38', 208.00, 260.00, 4, 1, '2025-11-09 15:34:29', '2025-12-08 17:03:36', '   2  '),
(3, NULL, NULL, '104', '104', NULL, '36', 198.00, 250.00, 6, 1, '2025-11-09 15:43:22', '2025-12-08 17:04:28', '   2  '),
(4, NULL, NULL, '105', '105', NULL, '34', 193.00, 240.00, 4, 1, '2025-11-09 15:50:38', '2025-12-13 18:41:30', '   2  '),
(5, NULL, NULL, '106', '106', NULL, '14', 187.00, 230.00, 6, 1, '2025-11-09 15:53:40', '2025-12-08 17:24:36', '   2  '),
(7, NULL, NULL, '107', '107', NULL, '12', 176.00, 210.00, 6, 1, '2025-11-09 15:58:36', '2025-12-08 17:26:22', '   2  '),
(8, NULL, NULL, '108', '108', NULL, '10', 167.00, 200.00, 6, 1, '2025-11-09 16:00:05', '2025-11-09 16:00:05', '   2  '),
(9, NULL, NULL, '109', '109', NULL, '6', 160.00, 200.00, 6, 1, '2025-11-09 16:03:21', '2025-12-08 17:29:25', '   2  '),
(10, NULL, NULL, '110', '110', NULL, '6', 150.00, 200.00, 6, 1, '2025-11-09 16:05:55', '2025-11-09 16:05:55', '   2  '),
(11, NULL, NULL, '111', '111', NULL, '4', 144.00, 200.00, 6, 1, '2025-11-09 16:10:07', '2025-11-09 16:10:07', '   2  '),
(12, NULL, NULL, '315', '315', NULL, '4', 195.00, 270.00, 4, 1, '2025-11-09 16:19:01', '2025-11-13 17:39:11', '   3  '),
(13, NULL, NULL, '316', '316', NULL, '6', 209.00, 280.00, 4, 1, '2025-11-09 16:20:57', '2025-11-13 17:40:05', '  3  '),
(14, NULL, NULL, '317', '317', NULL, '8', 219.00, 290.00, 4, 1, '2025-11-09 16:22:39', '2025-11-13 17:37:37', '  3  '),
(15, NULL, NULL, '318', '318', NULL, '10', 231.00, 310.00, 4, 1, '2025-11-09 16:29:28', '2025-12-08 17:37:30', '  3  '),
(16, NULL, NULL, '319', '319', NULL, '12', 243.00, 320.00, 4, 1, '2025-11-09 16:34:01', '2025-11-13 17:41:52', '  3  '),
(17, NULL, NULL, '320', '320', NULL, '14', 250.00, 330.00, 3, 1, '2025-11-09 16:36:44', '2025-12-11 18:31:32', '  3  '),
(18, NULL, NULL, '321', '321', NULL, '34', 267.00, 345.00, 4, 1, '2025-11-09 16:38:27', '2025-11-09 16:38:27', '  3  '),
(19, NULL, NULL, '322', '322', NULL, '36', 276.00, 355.00, 4, 1, '2025-11-09 16:39:34', '2025-11-09 16:39:34', '  3  '),
(20, NULL, NULL, '323', '323', NULL, '38', 291.00, 370.00, 4, 1, '2025-11-09 16:40:59', '2025-11-09 16:40:59', '  3  '),
(21, NULL, NULL, '324', '324', NULL, '40', 302.00, 400.00, 3, 1, '2025-11-09 16:42:44', '2025-12-24 19:40:37', '  3  '),
(22, NULL, NULL, '607', '607', NULL, '2XL', 86.00, 115.00, 3, 1, '2025-11-09 16:46:40', '2025-11-09 16:46:40', '   '),
(23, NULL, NULL, '606', '606', NULL, '3XL', 88.00, 120.00, 6, 1, '2025-11-09 16:48:18', '2025-11-09 16:48:18', '   '),
(24, NULL, NULL, '605', '605', NULL, '4XL', 94.00, 125.00, 5, 1, '2025-11-09 16:51:40', '2025-11-12 15:00:42', '4XL    '),
(25, NULL, NULL, '603', '603', NULL, '6X', 102.00, 135.00, 6, 1, '2025-11-09 16:53:18', '2025-11-09 16:53:18', '6XL      '),
(26, NULL, NULL, '608', '608', NULL, '2X', 99.00, 140.00, 3, 1, '2025-11-09 16:55:22', '2025-12-08 18:04:23', '2X   '),
(27, NULL, NULL, '609', '609', NULL, '3x', 107.00, 145.00, 6, 1, '2025-11-09 16:59:48', '2025-11-09 16:59:48', '3X    '),
(28, NULL, NULL, '610', '610', NULL, '4x', 110.00, 150.00, 6, 1, '2025-11-09 17:02:10', '2025-11-09 17:02:10', '4X    '),
(29, NULL, NULL, '613', '613', NULL, '2x', 122.00, 170.00, 5, 2, '2025-11-09 17:05:42', '2025-12-08 18:05:37', '2X   '),
(30, NULL, NULL, '614', '614', NULL, '3x', 124.00, 175.00, 5, 1, '2025-11-09 17:06:42', '2025-12-10 18:02:35', '3X   '),
(31, NULL, NULL, '615', '615', NULL, '4x', 133.00, 185.00, 6, 1, '2025-11-09 17:10:53', '2025-12-08 18:13:08', '4X   '),
(32, NULL, NULL, '616', '616', NULL, '5x', 132.00, 190.00, 6, 1, '2025-11-09 17:11:45', '2025-11-09 17:19:49', '5X    '),
(33, NULL, NULL, '617', '617', NULL, '6x', 137.00, 200.00, 4, 1, '2025-11-09 17:12:45', '2025-12-08 18:01:24', '6X   '),
(34, NULL, NULL, '1', '1', NULL, 'L', 300.00, 400.00, 4, 1, '2025-11-09 17:23:39', '2025-12-18 22:00:27', '    L'),
(35, NULL, NULL, '2', '2', '--', 'XL', 310.00, 410.00, 2, 1, '2025-11-09 17:26:47', '2025-12-15 18:53:18', '  XL'),
(37, NULL, NULL, '3', '3', NULL, '2XL', 320.00, 420.00, 2, 1, '2025-11-09 17:30:04', '2025-12-21 19:40:57', '2XL  '),
(38, NULL, NULL, '4', '4', NULL, '3XL', 330.00, 430.00, 4, 1, '2025-11-09 17:31:27', '2025-12-21 18:31:36', '3XL   '),
(39, NULL, NULL, '5', '5', NULL, '4XL', 340.00, 440.00, 3, 1, '2025-11-09 17:33:31', '2025-12-11 20:27:10', '4XL   '),
(42, NULL, NULL, '420', '420', NULL, 'L', 65.00, 95.00, 6, 1, '2025-11-09 17:47:53', '2025-11-09 17:47:53', 'L      '),
(43, NULL, NULL, '421', '421', NULL, 'XL', 70.00, 100.00, 6, 1, '2025-11-09 17:49:50', '2025-11-09 17:49:50', 'XL    '),
(44, NULL, NULL, '422', '422', NULL, '2XL', 73.00, 105.00, 3, 0, '2025-11-09 17:51:17', '2025-11-09 17:51:17', '2XL    '),
(45, NULL, NULL, '423', '423', NULL, '3XL', 77.00, 110.00, 3, 1, '2025-11-09 17:53:14', '2025-11-09 17:53:14', '3XL    '),
(46, NULL, NULL, '427', '427', NULL, '4XL', 80.00, 120.00, 6, 1, '2025-11-09 17:55:26', '2025-11-09 17:55:26', '4XL   '),
(47, NULL, NULL, '6060', '6060', NULL, '4', 230.00, 345.00, 3, 1, '2025-11-09 18:03:03', '2025-11-12 14:03:08', '  4 '),
(48, NULL, NULL, '226', '226', '-', '-', 210.00, 340.00, 2, 1, '2025-11-09 18:07:13', '2025-11-12 14:12:09', '  '),
(49, NULL, NULL, '227', '227', NULL, NULL, 210.00, 340.00, 2, 1, '2025-11-09 18:08:42', '2025-11-12 14:14:07', '  '),
(50, NULL, NULL, '428', '428', NULL, NULL, 335.00, 430.00, 1, 0, '2025-11-09 18:11:33', '2025-11-19 17:35:44', '    428'),
(51, NULL, NULL, '955', '955', NULL, NULL, 385.00, 440.00, 0, 0, '2025-11-09 18:16:57', '2025-11-13 18:12:38', ' '),
(52, NULL, NULL, '439', '439', NULL, NULL, 395.00, 450.00, 0, 0, '2025-11-09 18:18:43', '2025-11-13 18:12:38', '  '),
(53, NULL, NULL, '2030', '2030', NULL, NULL, 265.00, 400.00, 2, 0, '2025-11-09 18:21:20', '2025-11-12 13:55:24', '  '),
(54, NULL, NULL, '202', '202', NULL, NULL, 430.00, 515.00, 2, 0, '2025-11-09 18:24:12', '2025-11-12 13:51:46', ' '),
(55, NULL, NULL, '2072', '2072', NULL, NULL, 240.00, 330.00, 4, 0, '2025-11-09 18:27:00', '2025-11-12 14:07:12', '  '),
(56, NULL, NULL, '1230', '1230', NULL, NULL, 510.00, 615.00, 2, 0, '2025-11-09 18:30:15', '2025-12-23 15:50:59', '  '),
(57, NULL, NULL, '505', '505', NULL, NULL, 450.00, 595.00, 1, 0, '2025-11-09 18:32:47', '2025-12-14 19:38:57', '  '),
(58, NULL, NULL, '010', '010', NULL, NULL, 550.00, 690.00, 1, 0, '2025-11-09 18:34:57', '2025-12-14 19:22:32', '   '),
(59, NULL, NULL, '101', '101', NULL, NULL, 480.00, 610.00, 2, 0, '2025-11-09 18:37:26', '2025-11-12 13:47:44', '   '),
(60, NULL, NULL, '825', '825', NULL, NULL, 420.00, 595.00, 0, 0, '2025-11-09 18:41:24', '2025-12-20 14:00:28', ' '),
(61, NULL, NULL, '437', '437', NULL, NULL, 437.00, 510.00, 0, 0, '2025-11-09 18:42:53', '2025-12-14 17:23:39', '  '),
(62, NULL, NULL, '065', '065', NULL, NULL, 425.00, 555.00, 2, 0, '2025-11-09 18:48:59', '2025-11-12 13:41:14', '    '),
(63, NULL, NULL, '075', '075', NULL, NULL, 460.00, 530.00, 1, 0, '2025-11-09 18:51:45', '2025-11-09 18:51:45', '    '),
(64, NULL, NULL, '127', '127', NULL, NULL, 210.00, 335.00, 2, 0, '2025-11-09 18:54:57', '2025-11-12 14:09:56', '  '),
(65, NULL, NULL, '214', '214', NULL, NULL, 435.00, 436.00, 1, 0, '2025-11-09 18:56:23', '2025-11-09 18:56:23', '   '),
(66, NULL, NULL, '400', '400', NULL, NULL, 335.00, 390.00, 2, 0, '2025-11-09 18:58:59', '2025-11-09 18:58:59', '  '),
(67, NULL, NULL, '555', '555', NULL, 'M', 350.00, 480.00, 2, 1, '2025-11-10 12:54:58', '2025-12-08 18:16:49', 'M    '),
(68, NULL, NULL, '556', '556', NULL, 'L', 365.00, 490.00, 2, 0, '2025-11-10 12:59:30', '2025-12-08 13:15:55', 'L    '),
(69, NULL, NULL, '557', '557', NULL, 'XL', 380.00, 505.00, 2, 1, '2025-11-10 13:01:03', '2025-12-08 18:17:17', 'XL    '),
(70, NULL, NULL, '558', '558', NULL, '2XL', 395.00, 515.00, 2, 1, '2025-11-10 13:02:52', '2025-12-16 19:15:43', '2XL    '),
(71, NULL, NULL, '559', '559', NULL, '3XL', 410.00, 520.00, 2, 1, '2025-11-10 13:04:17', '2025-12-08 18:17:58', '3XL    '),
(72, NULL, NULL, '1001', '1001', NULL, 'XL', 59.00, 90.00, 5, 1, '2025-11-10 13:09:22', '2025-12-18 21:31:36', 'XL   '),
(73, NULL, NULL, '1002', '1002', NULL, '2XL', 64.00, 95.00, 12, 1, '2025-11-10 13:11:02', '2025-12-24 20:31:20', '2XL   '),
(74, NULL, NULL, '1003', '1003', NULL, '3XL ', 68.00, 100.00, 12, 1, '2025-11-10 13:12:50', '2025-11-10 13:12:50', '3XL   '),
(75, NULL, NULL, '1004', '1004', NULL, '4XL', 74.00, 105.00, 12, 1, '2025-11-10 13:13:53', '2025-12-18 18:03:26', '4XL   '),
(76, NULL, NULL, '1005', '1005', NULL, 'M ', 43.00, 55.00, 12, 1, '2025-11-10 13:19:02', '2025-11-10 13:19:02', 'M    '),
(77, NULL, NULL, '1006', '1006', NULL, 'L', 44.00, 60.00, 10, 1, '2025-11-10 13:20:13', '2025-12-18 18:03:46', 'L   '),
(78, NULL, NULL, '1007', '1007', NULL, 'XL', 46.00, 65.00, 8, 1, '2025-11-10 13:21:17', '2025-12-25 17:58:51', 'XL   '),
(79, NULL, NULL, '1008', '1008', NULL, '2XL', 48.00, 70.00, 10, 1, '2025-11-10 13:22:17', '2025-12-18 18:04:22', '2XL   '),
(80, NULL, NULL, '1009', '1009', NULL, '3XL ', 49.00, 75.00, 12, 1, '2025-11-10 13:24:40', '2025-11-10 13:24:40', '3XL    '),
(81, NULL, NULL, '1010', '1010', NULL, '4XL ', 53.00, 80.00, 12, 1, '2025-11-10 13:25:51', '2025-11-10 13:25:51', '4XL    '),
(82, NULL, NULL, '1011', '1011', NULL, 'S', 45.00, 65.00, 6, 1, '2025-11-10 14:07:46', '2025-12-18 18:05:13', 'S   '),
(83, NULL, NULL, '1012', '1012', NULL, 'L', 47.00, 70.00, 8, 1, '2025-11-10 14:09:12', '2025-12-16 18:56:03', 'L   '),
(84, NULL, NULL, '1013', '1013', NULL, 'XL', 52.00, 75.00, 13, 1, '2025-11-10 14:11:42', '2025-12-24 20:31:20', 'XL   '),
(85, NULL, NULL, '1014', '1014', NULL, '2XL', 55.00, 80.00, 8, 1, '2025-11-10 14:13:06', '2025-12-16 18:57:54', '2XL   '),
(86, NULL, NULL, '1015', '1015', NULL, '3XL', 57.00, 80.00, 8, 1, '2025-11-10 14:14:29', '2025-12-16 18:57:22', '3XL   '),
(87, NULL, NULL, '1017', '1017', NULL, 'M', 47.00, 65.00, 8, 1, '2025-11-10 14:21:03', '2025-12-18 18:04:53', 'M   '),
(88, NULL, NULL, '1018', '1018', NULL, 'M ', 47.00, 60.00, 12, 1, '2025-11-10 14:24:51', '2025-11-10 14:24:51', 'M   3 '),
(89, NULL, NULL, '1019', '1019', NULL, 'L', 49.00, 65.00, 10, 1, '2025-11-10 14:30:08', '2025-12-16 19:08:09', 'L   1  '),
(90, NULL, NULL, '1020', '1020', NULL, 'XL', 150.00, 210.00, 5, 1, '2025-11-10 14:32:36', '2025-12-21 18:26:36', 'XL   3 '),
(91, NULL, NULL, '1021', '1021', NULL, '2XL', 155.00, 225.00, 4, 1, '2025-11-10 14:33:36', '2025-12-08 18:21:26', '2XL   3 '),
(92, NULL, NULL, '1022', '1022', NULL, '3XL', 160.00, 240.00, 4, 1, '2025-11-10 14:38:24', '2025-12-08 18:18:34', '3XL   3 '),
(93, NULL, NULL, '1023', '1023', NULL, 'L', 290.00, 370.00, 2, 0, '2025-11-10 14:42:31', '2025-11-10 14:42:31', 'L     '),
(94, NULL, NULL, '1024', '1024', NULL, 'XL ', 300.00, 400.00, 1, 1, '2025-11-10 14:43:39', '2025-12-24 18:31:23', 'XL     '),
(95, NULL, NULL, '1025', '1025', NULL, '2XL ', 330.00, 430.00, 2, 1, '2025-11-10 14:45:07', '2025-11-10 14:45:07', '2XL     '),
(96, NULL, NULL, '1026', '1026', NULL, '3XL', 350.00, 460.00, 2, 1, '2025-11-10 14:46:24', '2025-12-18 22:04:44', '3XL     '),
(97, NULL, NULL, '1027', '1027', NULL, 'M', 300.00, 390.00, 2, 1, '2025-11-10 14:48:41', '2025-11-10 14:48:41', 'M    '),
(98, NULL, NULL, '1028', '1028', NULL, 'L', 310.00, 410.00, 1, 1, '2025-11-10 14:49:43', '2025-12-11 17:11:21', 'L     '),
(99, NULL, NULL, '1029', '1029', NULL, 'XL', 320.00, 420.00, 2, 1, '2025-11-10 14:50:41', '2025-12-15 19:18:20', 'XL     '),
(100, NULL, NULL, '1030', '1030', NULL, '3XL ', 330.00, 430.00, 2, 1, '2025-11-10 14:53:12', '2025-11-10 14:53:12', '3XL     '),
(101, NULL, NULL, '1031', '1031', NULL, '2,4,6', 149.00, 180.00, 22, 2, '2025-11-10 15:02:12', '2025-12-18 21:52:26', '2,4,6     '),
(102, NULL, NULL, '1032', '1032', NULL, '8,10,12', 170.00, 220.00, 8, 0, '2025-11-10 15:06:04', '2025-12-21 18:09:15', '8,10,12      '),
(103, NULL, NULL, '1033', '1033', NULL, '14 , 16,12', 185.00, 230.00, 17, 1, '2025-11-10 15:08:44', '2025-12-21 18:09:15', '14 , 16 ,12    '),
(104, NULL, NULL, '1034', '1034', NULL, 'L ', 300.00, 370.00, 4, 1, '2025-11-10 15:13:13', '2025-11-10 15:13:13', 'L    '),
(105, NULL, NULL, '1035', '1035', NULL, 'XL', 310.00, 380.00, 3, 1, '2025-11-10 15:14:23', '2025-12-18 22:02:58', 'XL    '),
(106, NULL, NULL, '1036', '1036', NULL, '2XL', 320.00, 390.00, 1, 1, '2025-11-10 15:18:10', '2025-12-11 20:36:53', '2XL    '),
(107, NULL, NULL, '1037', '1037', NULL, '3XL', 330.00, 400.00, 1, 1, '2025-11-10 15:19:28', '2025-12-11 20:38:50', '3XL    '),
(108, NULL, NULL, '1038', '1038', NULL, '4XL', 340.00, 400.00, 0, 1, '2025-11-10 15:21:36', '2025-12-20 14:50:57', '4XL    '),
(109, NULL, NULL, '1039', '1039', NULL, '5XL', 350.00, 430.00, 1, 1, '2025-11-10 15:24:00', '2025-12-11 20:39:15', '5XL    '),
(110, NULL, NULL, '2000', '2000', NULL, 'M', 46.00, 65.00, 12, 2, '2025-11-10 15:32:03', '2025-11-10 15:32:03', 'M     '),
(111, NULL, NULL, '2001', '2001', NULL, 'L', 49.00, 70.00, 12, 1, '2025-11-10 15:33:14', '2025-11-10 15:33:14', 'L    '),
(112, NULL, NULL, '2002', '2002', NULL, 'XL', 51.00, 75.00, 7, 1, '2025-11-10 15:34:28', '2025-12-20 17:37:44', 'XL    '),
(113, NULL, NULL, '2003', '2003', NULL, '2XL ', 54.00, 80.00, 9, 2, '2025-11-10 15:35:40', '2025-12-14 19:46:17', '2XL     '),
(114, NULL, NULL, '2004', '2004', NULL, '3XL ', 56.00, 85.00, 12, 2, '2025-11-10 15:36:51', '2025-11-10 15:36:51', '3XL     '),
(115, NULL, NULL, '2005', '2005', NULL, '4XL ', 59.00, 90.00, 12, 2, '2025-11-10 15:37:59', '2025-11-10 15:37:59', '4XL     '),
(116, NULL, NULL, '2006', '2006', NULL, 'M', 50.00, 70.00, 12, 2, '2025-11-10 15:39:26', '2025-11-10 15:39:26', 'M     '),
(117, NULL, NULL, '2007', '2007', NULL, 'L', 55.00, 75.00, 12, 2, '2025-11-10 15:40:38', '2025-11-10 15:40:38', 'L     '),
(118, NULL, NULL, '2008', '2008', NULL, 'XL', 55.00, 80.00, 9, 2, '2025-11-10 15:45:01', '2025-12-18 18:09:08', 'XL    '),
(119, NULL, NULL, '2009', '2009', NULL, '2XL ', 58.00, 85.00, 9, 2, '2025-11-10 15:46:29', '2025-12-14 19:46:17', '2XL     '),
(120, NULL, NULL, '2010', '2010', NULL, '3XL ', 60.00, 90.00, 12, 2, '2025-11-10 15:47:49', '2025-11-10 15:47:49', '3XL     '),
(121, NULL, NULL, '2011', '2011', NULL, '4XL ', 62.50, 95.00, 12, 1, '2025-11-10 15:48:42', '2025-11-10 15:48:42', '4XL     '),
(122, NULL, NULL, '2012', '2012', NULL, 'L', 64.00, 93.00, 12, 2, '2025-11-10 15:52:44', '2025-11-10 15:52:44', 'L     '),
(123, NULL, NULL, '2013', '2013', NULL, '2XL ', 66.60, 100.00, 12, 2, '2025-11-10 15:53:51', '2025-11-10 15:53:51', '2XL     '),
(124, NULL, NULL, '2014', '2014', NULL, '3XL ', 71.00, 110.00, 12, 2, '2025-11-10 15:55:27', '2025-11-10 15:55:27', '3XL     '),
(125, NULL, NULL, '2015', '2015', NULL, '4XL ', 74.00, 115.00, 12, 2, '2025-11-10 15:58:14', '2025-11-10 15:58:14', '4XL     '),
(126, NULL, NULL, '1225', '1225', NULL, 'M', 241.00, 300.00, 6, 1, '2025-11-10 16:03:36', '2025-12-11 20:13:25', 'M    '),
(127, NULL, NULL, '1226', '1226', NULL, NULL, 252.00, 310.00, 6, 2, '2025-11-10 16:05:53', '2025-11-10 16:05:53', 'L     '),
(128, NULL, NULL, '1227', '1227', NULL, 'XL ', 264.00, 325.00, 3, 2, '2025-11-10 16:06:57', '2025-12-11 17:13:47', 'XL     '),
(129, NULL, NULL, '1228', '1228', NULL, '2XL ', 280.00, 335.00, 6, 2, '2025-11-10 16:08:18', '2025-11-10 16:08:18', '2XL     '),
(130, NULL, NULL, '1229', '1229', NULL, '3XL', 298.00, 350.00, 4, 1, '2025-11-10 16:11:28', '2025-12-21 19:42:45', '3XL    '),
(131, NULL, NULL, '1231', '1231', NULL, '4XL', 312.00, 370.00, 6, 1, '2025-11-10 16:13:16', '2025-12-11 17:58:13', '4XL    '),
(132, NULL, NULL, '1132', '1132', NULL, NULL, 188.00, 250.00, 3, 0, '2025-11-10 16:17:35', '2025-12-11 17:15:14', 'M   101  '),
(133, NULL, NULL, '1133', '1133', NULL, 'L', 191.00, 255.00, 4, 1, '2025-11-10 16:18:34', '2025-11-10 16:18:34', 'L   101  '),
(134, NULL, NULL, '1134', '1134', NULL, 'XL ', 200.00, 260.00, 4, 1, '2025-11-10 16:20:17', '2025-11-13 17:58:28', 'XL  101  '),
(135, NULL, NULL, '1135', '1135', NULL, '2XL', 210.00, 270.00, 4, 1, '2025-11-10 16:21:13', '2025-12-11 17:38:18', '2XL  101 '),
(136, NULL, NULL, '1136', '1136', NULL, '3XL', 224.00, 280.00, 4, 1, '2025-11-10 16:22:14', '2025-12-11 17:45:59', '3XL  101 '),
(137, NULL, NULL, '1137', '1137', NULL, '4XL ', 229.00, 290.00, 4, 1, '2025-11-10 16:23:05', '2025-11-10 16:23:05', '4XL  101  '),
(138, NULL, NULL, '2025', '2025', NULL, 'M', 142.00, 180.00, 5, 1, '2025-11-11 15:43:30', '2025-12-21 19:44:14', '  M'),
(139, NULL, NULL, '2026', '2026', NULL, 'L', 143.00, 185.00, 2, 1, '2025-11-11 16:05:45', '2025-12-18 21:46:07', 'L   '),
(140, NULL, NULL, '2027', '2027', NULL, 'XL', 145.00, 190.00, 2, 1, '2025-11-11 16:08:06', '2025-12-18 21:43:19', '   XL'),
(141, NULL, NULL, '2028', '2028', NULL, '2XL', 153.00, 200.00, 3, 0, '2025-11-11 16:09:57', '2025-12-13 19:48:04', '2XL  '),
(142, NULL, NULL, '2029', '2029', NULL, '3XL', 159.00, 210.00, 1, 1, '2025-11-11 16:11:05', '2025-12-18 21:44:42', '3XL    '),
(143, NULL, NULL, '2031', '2031', NULL, 'L', 104.00, 130.00, 6, 1, '2025-11-11 16:14:47', '2025-11-11 16:14:47', '   L'),
(144, NULL, NULL, '2032', '2032', NULL, 'XL', 108.00, 135.00, 6, 1, '2025-11-11 16:16:26', '2025-11-11 16:16:26', '   XL'),
(145, NULL, NULL, '2033', '2033', NULL, '2XL', 115.00, 145.00, 6, 0, '2025-11-11 16:17:42', '2025-12-08 17:59:44', '2XL  '),
(146, NULL, NULL, '2034', '2034', NULL, '3 ', 122.00, 150.00, 5, 1, '2025-11-11 16:27:52', '2025-12-08 18:08:10', '   3x'),
(147, NULL, NULL, '2035', '2035', NULL, '4x', 128.00, 160.00, 6, 0, '2025-11-11 16:31:30', '2025-12-08 18:08:47', '   4x'),
(148, NULL, NULL, '2036', '2036', NULL, NULL, 128.00, 160.00, 6, 1, '2025-11-11 16:34:47', '2025-11-11 16:34:47', '   4 '),
(149, NULL, NULL, '2039', '2039', NULL, 'L', 125.00, 160.00, 2, 0, '2025-11-11 18:03:50', '2025-12-08 17:57:45', 'L    3   '),
(150, NULL, NULL, '2040', '2040', NULL, 'XL', 130.00, 165.00, 3, 1, '2025-11-11 18:06:20', '2025-11-11 18:06:20', 'XL    3  '),
(151, NULL, NULL, '2041', '2041', NULL, '2XL', 137.00, 170.00, 3, 1, '2025-11-11 18:09:35', '2025-11-11 18:09:35', '2XL   3   '),
(152, NULL, NULL, '2042', '2042', NULL, '3XL', 143.00, 175.00, 3, 0, '2025-11-11 18:11:35', '2025-11-11 18:11:35', '3XL   3   '),
(153, NULL, NULL, '2043', '2043', NULL, 'L', 60.00, 80.00, 5, 0, '2025-11-11 18:15:29', '2025-12-08 18:09:50', 'L   '),
(154, NULL, NULL, '2044', '2044', NULL, '2XL', 61.00, 80.00, 3, 0, '2025-11-11 18:17:17', '2025-12-08 18:10:07', '2XL   '),
(155, NULL, NULL, '2045', '2045', NULL, '4XL', 67.00, 95.00, 6, 0, '2025-11-11 18:21:30', '2025-11-11 18:21:30', '4XL    '),
(156, NULL, NULL, '2090', '2090', NULL, 'XL', 59.00, 85.00, 6, 1, '2025-11-12 15:25:19', '2025-11-12 15:25:19', 'XL     '),
(157, NULL, NULL, '2091', '2091', NULL, '2XL ', 62.00, 90.00, 6, 0, '2025-11-12 15:28:38', '2025-11-12 15:28:38', '2XL    '),
(158, NULL, NULL, '2092', '2092', NULL, '3XL', 64.00, 95.00, 4, 0, '2025-11-12 15:30:05', '2025-12-08 18:07:22', '3XL   '),
(159, NULL, NULL, '2093', '2093', NULL, '4XL', 66.00, 100.00, 6, 0, '2025-11-12 15:31:35', '2025-11-12 15:31:35', '4XL   '),
(160, NULL, NULL, '2094', '2094', NULL, '5XL', 70.00, 105.00, 6, 0, '2025-11-12 15:32:37', '2025-11-12 15:32:37', '5XL   '),
(161, NULL, NULL, '2095', '2095', NULL, '6XL', 71.00, 110.00, 6, 0, '2025-11-12 15:34:06', '2025-11-12 15:34:06', '6XL   '),
(162, NULL, NULL, '2096', '2096', NULL, '8', 160.00, 200.00, 5, 1, '2025-11-12 16:20:00', '2025-12-24 20:25:59', '    8'),
(163, NULL, NULL, '2097', '2097', NULL, '10', 135.00, 180.00, 2, 0, '2025-11-12 16:30:17', '2025-11-12 16:30:17', '   3   10'),
(164, NULL, NULL, '2098', '2098', NULL, '12', 140.00, 190.00, 2, 0, '2025-11-12 16:31:26', '2025-11-12 16:32:44', '   3   12'),
(165, NULL, NULL, '2099', '2099', NULL, '14', 141.00, 195.00, 2, 0, '2025-11-12 16:36:07', '2025-11-12 16:36:07', ' 14    3   '),
(166, NULL, NULL, '3000', '3000', NULL, '34', 150.00, 200.00, 2, 0, '2025-11-12 16:58:11', '2025-11-12 16:58:11', '    34'),
(167, NULL, NULL, '3001', '3001', NULL, '36', 155.00, 210.00, 1, 0, '2025-11-12 16:59:41', '2025-12-18 21:40:06', '    36'),
(168, NULL, NULL, '3002', '3002', NULL, '38', 153.00, 215.00, 2, 0, '2025-11-12 17:02:08', '2025-11-12 17:02:08', '    38'),
(169, NULL, NULL, '3003', '3003', NULL, '40', 155.00, 220.00, 1, 0, '2025-11-12 17:03:17', '2025-11-12 17:05:02', '   3  40'),
(170, NULL, NULL, '700', '700', NULL, '3X', 460.00, 530.00, 2, 0, '2025-11-12 17:14:51', '2025-11-12 17:14:51', '   '),
(171, NULL, NULL, '702', '702', NULL, '3X', 420.00, 500.00, 1, 0, '2025-11-12 17:18:24', '2025-11-12 17:18:24', '   '),
(172, NULL, NULL, '703', '703', NULL, '3X', 400.00, 480.00, 1, 0, '2025-11-12 17:20:23', '2025-11-12 17:20:23', '   '),
(173, NULL, NULL, '704', '704', NULL, '3X', 440.00, 520.00, 1, 0, '2025-11-12 17:21:57', '2025-11-12 17:21:57', '   '),
(175, NULL, NULL, '409', '409', NULL, NULL, 400.00, 490.00, 3, 0, '2025-11-12 17:25:51', '2025-12-24 20:25:59', ' '),
(176, NULL, NULL, '1500', '1500', NULL, NULL, 400.00, 495.00, 2, 0, '2025-11-12 17:27:38', '2025-11-12 17:27:38', ' '),
(177, NULL, NULL, '1501', '1501', NULL, NULL, 360.00, 455.00, 1, 0, '2025-11-12 17:29:33', '2025-11-12 17:29:33', ' '),
(178, NULL, NULL, '1502', '1502', NULL, NULL, 440.00, 535.00, 4, 0, '2025-11-12 17:36:45', '2025-12-13 19:27:17', ' '),
(179, NULL, NULL, '1503', '1503', NULL, NULL, 290.00, 380.00, 3, 0, '2025-11-12 17:38:01', '2025-12-13 19:27:03', ' '),
(180, NULL, NULL, '1504', '1504', NULL, NULL, 340.00, 430.00, 1, 0, '2025-11-12 17:39:53', '2025-11-12 17:39:53', ' '),
(181, NULL, NULL, '1505', '1505', NULL, NULL, 300.00, 390.00, 2, 0, '2025-11-12 17:41:12', '2025-11-12 17:42:01', '  '),
(182, NULL, NULL, '083', '083', NULL, NULL, 430.00, 480.00, 0, 0, '2025-11-12 17:57:24', '2025-12-22 19:52:16', ' '),
(183, NULL, NULL, '690', '690', NULL, NULL, 320.00, 420.00, 0, 0, '2025-11-12 18:07:03', '2025-12-22 19:52:54', ' '),
(184, NULL, NULL, '1960', '1960', NULL, NULL, 490.00, 595.00, 4, 0, '2025-11-12 18:10:05', '2025-11-12 18:10:05', '  '),
(189, NULL, NULL, '0111', '0111', NULL, NULL, 120.00, 200.00, 12, 0, '2025-12-10 20:37:44', '2025-12-24 20:53:18', 'test product'),
(190, NULL, NULL, '50450', '50450', NULL, '2x', 295.00, 350.00, 3, 0, '2025-12-11 17:44:00', '2025-12-11 18:10:45', '   2  2x'),
(191, NULL, NULL, '21250', '21250', NULL, '2x', 105.00, 150.00, 4, 0, '2025-12-11 17:49:01', '2025-12-11 17:49:01', '    2x'),
(192, NULL, NULL, '4550', '4550', NULL, 'XL', 280.00, 350.00, 1, 0, '2025-12-11 17:52:14', '2025-12-11 17:52:14', '  2  XL'),
(193, NULL, NULL, '4556', '4556', NULL, NULL, 35.00, 65.00, 6, 0, '2025-12-11 18:02:30', '2025-12-11 18:02:48', '    65'),
(194, NULL, NULL, '1257', '1257', NULL, 'M', 330.00, 420.00, 1, 0, '2025-12-11 20:29:45', '2025-12-21 18:26:36', '   M'),
(195, NULL, NULL, '2024', '2024', NULL, NULL, 520.00, 650.00, 5, 0, '2025-12-11 20:41:24', '2025-12-11 20:41:24', '  - '),
(196, NULL, NULL, '113', '113', NULL, NULL, 425.00, 555.00, 1, 0, '2025-12-11 20:59:27', '2025-12-19 18:32:41', '  Adidas'),
(197, NULL, NULL, '013', '013', NULL, NULL, 310.00, 410.00, 2, 0, '2025-12-13 19:01:07', '2025-12-13 19:01:07', ' '),
(198, NULL, NULL, '1049', '1049', NULL, NULL, 350.00, 440.00, 2, 0, '2025-12-13 19:04:32', '2025-12-13 19:04:32', ' '),
(199, NULL, NULL, '408', '408', NULL, NULL, 330.00, 415.00, 1, 0, '2025-12-13 19:22:22', '2025-12-13 19:22:22', ' '),
(200, NULL, NULL, '8457', '8457', NULL, NULL, 350.00, 420.00, 0, 0, '2025-12-13 19:31:41', '2025-12-22 19:53:42', ' '),
(201, NULL, NULL, '178', '178', NULL, NULL, 330.00, 430.00, 1, 0, '2025-12-13 19:34:50', '2025-12-13 19:34:50', '  '),
(202, NULL, NULL, '4524', '4524', NULL, NULL, 410.00, 510.00, 0, 0, '2025-12-13 19:40:37', '2025-12-22 19:50:29', ' '),
(203, NULL, NULL, '8546', '8546', NULL, NULL, 380.00, 460.00, 4, 0, '2025-12-14 19:30:36', '2025-12-21 18:57:34', '   '),
(204, NULL, NULL, '894', '894', NULL, NULL, 115.00, 150.00, 5, 0, '2025-12-15 17:39:12', '2025-12-15 17:48:20', '   M - L- XL'),
(205, NULL, NULL, '895', '895', NULL, NULL, 115.00, 170.00, 4, 0, '2025-12-15 17:42:59', '2025-12-15 17:42:59', '    - 2X - 3X- 4X'),
(206, NULL, NULL, '2541', '2541', NULL, NULL, 280.00, 340.00, 4, 0, '2025-12-15 17:51:37', '2025-12-15 17:51:37', '.   3'),
(207, NULL, NULL, '4178', '4178', NULL, NULL, 145.00, 190.00, 9, 0, '2025-12-15 17:54:40', '2025-12-15 17:54:40', '     +'),
(208, NULL, NULL, '7862', '7862', NULL, NULL, 230.00, 300.00, 4, 0, '2025-12-15 18:04:05', '2025-12-15 18:04:05', '   3 '),
(209, NULL, NULL, '357', '357', NULL, NULL, 350.00, 450.00, 1, 0, '2025-12-15 18:13:21', '2025-12-15 18:13:21', '  '),
(210, NULL, NULL, '8541', '8541', NULL, NULL, 100.00, 130.00, 1, 0, '2025-12-15 18:19:02', '2025-12-15 18:19:02', '   M'),
(211, NULL, NULL, '2123', '2123', NULL, NULL, 109.00, 140.00, 2, 0, '2025-12-15 18:20:31', '2025-12-15 18:20:31', '   XL'),
(212, NULL, NULL, '3221', '3221', NULL, NULL, 119.00, 145.00, 2, 0, '2025-12-15 18:21:33', '2025-12-15 18:21:33', '   2XL'),
(213, NULL, NULL, '4512', '4512', NULL, NULL, 125.00, 160.00, 2, 0, '2025-12-15 18:24:07', '2025-12-15 18:24:07', '   4XL'),
(214, NULL, NULL, '2231', '2231', NULL, NULL, 104.00, 135.00, 1, 0, '2025-12-15 18:29:12', '2025-12-15 18:29:12', '  L'),
(215, NULL, NULL, '2587', '2587', NULL, NULL, 55.00, 70.00, 9, 0, '2025-12-15 18:32:35', '2025-12-21 18:26:36', '  '),
(216, NULL, NULL, '1172', '1172', NULL, NULL, 340.00, 400.00, 1, 0, '2025-12-15 18:42:44', '2025-12-21 19:24:36', ' '),
(217, NULL, NULL, '88', '88', NULL, NULL, 380.00, 450.00, 2, 0, '2025-12-15 18:46:22', '2025-12-15 18:46:22', '   '),
(218, NULL, NULL, '2544', '2544', NULL, NULL, 700.00, 770.00, 1, 0, '2025-12-15 18:49:41', '2025-12-15 18:49:41', ' '),
(219, NULL, NULL, '1175', '1175', NULL, NULL, 320.00, 420.00, 2, 0, '2025-12-15 18:52:13', '2025-12-15 18:52:13', '   '),
(220, NULL, NULL, '1478', '1478', NULL, NULL, 350.00, 430.00, 0, 0, '2025-12-15 19:21:42', '2025-12-18 17:53:47', '   XL'),
(221, NULL, NULL, '5560', '5560', NULL, NULL, 260.00, 300.00, 4, 0, '2025-12-18 19:50:49', '2025-12-25 18:00:52', '  '),
(222, NULL, NULL, '629', '629', '', NULL, 685.00, 850.00, 4, 0, '2025-12-18 19:59:20', '2025-12-18 19:59:20', '   TOP 10'),
(223, NULL, NULL, '4541', '4541', NULL, NULL, 220.00, 370.00, 2, 0, '2025-12-18 20:13:00', '2025-12-18 20:50:21', '  '),
(224, NULL, NULL, '8784', '8784', NULL, 'XL', 111.00, 165.00, 1, 0, '2025-12-18 20:39:01', '2025-12-18 20:39:01', '    XL'),
(225, NULL, NULL, '2086', '2086', NULL, NULL, 470.00, 630.00, 3, 0, '2025-12-18 20:48:29', '2025-12-18 20:48:29', '  '),
(226, NULL, NULL, '7878', '7878', NULL, NULL, 61.50, 80.00, 3, 0, '2025-12-18 20:55:13', '2025-12-18 20:55:13', '  4XL'),
(227, NULL, NULL, '4549', '4549', NULL, NULL, 75.00, 100.00, 10, 0, '2025-12-18 21:00:36', '2025-12-21 19:45:21', '   34.36'),
(228, NULL, NULL, '4562', '4562', NULL, NULL, 140.00, 200.00, 3, 0, '2025-12-18 21:02:25', '2025-12-20 14:50:57', '  '),
(229, NULL, NULL, '8748', '8748', NULL, NULL, 113.50, 160.00, 4, 0, '2025-12-18 21:48:22', '2025-12-18 21:48:22', '    '),
(230, NULL, NULL, '8524', '8524', NULL, NULL, 96.00, 130.00, 5, 0, '2025-12-18 21:50:19', '2025-12-18 21:50:19', '    L'),
(231, NULL, NULL, '1994', '1994', NULL, 'L', 55.00, 80.00, 6, 0, '2025-12-18 22:08:14', '2025-12-18 22:08:14', '   L'),
(232, NULL, NULL, '8574', '8574', NULL, 'XL', 60.00, 85.00, 0, 0, '2025-12-18 22:11:11', '2025-12-24 18:31:23', 'XL    '),
(233, NULL, NULL, '1258', '1258', NULL, 'L', 340.00, 430.00, 2, 2, '2025-12-21 19:07:00', '2025-12-21 19:07:00', '   L'),
(234, NULL, NULL, '5564', '5564', NULL, NULL, 160.00, 220.00, 0, 0, '2025-12-21 19:47:04', '2025-12-21 19:48:04', '   XL'),
(235, NULL, NULL, '2076', '2076', NULL, '3', 500.00, 665.00, 2, 0, '2025-12-21 19:50:33', '2025-12-22 18:43:29', '   3'),
(236, NULL, NULL, '1259', '1259', NULL, 'XL', 350.00, 440.00, 2, 0, '2025-12-21 19:51:49', '2025-12-21 19:51:49', '   XL'),
(237, NULL, NULL, '1260', '1260', NULL, '2XL', 365.00, 450.00, 2, 0, '2025-12-21 19:52:46', '2025-12-21 19:52:46', '   2XL'),
(238, NULL, NULL, '03', '03', NULL, '2XL', 320.00, 420.00, 1, 0, '2025-12-21 19:55:08', '2025-12-21 19:55:08', '    2XL'),
(239, NULL, NULL, '04', '04', NULL, '3XL', 330.00, 430.00, 2, 0, '2025-12-21 19:56:12', '2025-12-21 19:56:12', '    3XL'),
(240, NULL, NULL, '05', '05', NULL, 'M', 190.00, 350.00, 2, 0, '2025-12-21 19:58:39', '2025-12-25 17:47:17', '   M'),
(241, NULL, NULL, '06', '06', NULL, '4XL', 260.00, 390.00, 1, 0, '2025-12-21 20:01:22', '2025-12-25 17:51:21', '   4XL'),
(242, NULL, NULL, '07', '07', NULL, '5XL', 270.00, 415.00, 2, 0, '2025-12-21 20:03:38', '2025-12-21 20:03:38', '   5XL'),
(243, NULL, NULL, '08', '08', NULL, 'XL', 205.00, 370.00, 1, 0, '2025-12-21 20:05:16', '2025-12-21 20:05:16', '   XL'),
(244, NULL, NULL, '09', '09', NULL, '3XL', 230.00, 380.00, 1, 0, '2025-12-21 20:07:11', '2025-12-21 20:07:11', '   3XL'),
(245, NULL, NULL, '0010', '0010', NULL, '4XL', 250.00, 400.00, 2, 0, '2025-12-21 20:08:28', '2025-12-21 20:08:28', '   4XL'),
(246, NULL, NULL, '0011', '0011', NULL, '5XL', 260.00, 420.00, 1, 0, '2025-12-21 20:09:58', '2025-12-21 20:09:58', '   5XL'),
(247, NULL, NULL, '4551', '4551', NULL, '38', 80.00, 100.00, 2, 0, '2025-12-22 18:18:34', '2025-12-22 18:24:10', '   38'),
(249, NULL, NULL, '87433', '87433', ' ', '3 ', 420.00, 490.00, 8, 0, '2025-12-24 17:30:20', '2025-12-24 18:02:28', '   145'),
(250, NULL, NULL, 'J1132', 'J1132', NULL, NULL, 440.00, 580.00, 7, 0, '2025-12-25 17:19:00', '2025-12-25 17:19:00', '  ');

-- --------------------------------------------------------

--
-- Table structure for table `purchases`
--

CREATE TABLE `purchases` (
  `id` bigint UNSIGNED NOT NULL,
  `supplier_id` bigint UNSIGNED NOT NULL,
  `date` date NOT NULL,
  `total_cost` decimal(10,2) NOT NULL DEFAULT '0.00',
  `invoice_no` varchar(255) COLLATE utf8mb4_unicode_ci DEFAULT NULL,
  `created_at` timestamp NULL DEFAULT NULL,
  `updated_at` timestamp NULL DEFAULT NULL
) ENGINE=InnoDB DEFAULT CHARSET=utf8mb4 COLLATE=utf8mb4_unicode_ci;

-- --------------------------------------------------------

--
-- Table structure for table `purchase_items`
--

CREATE TABLE `purchase_items` (
  `id` bigint UNSIGNED NOT NULL,
  `purchase_id` bigint UNSIGNED NOT NULL,
  `variant_id` bigint UNSIGNED NOT NULL,
  `qty` int NOT NULL,
  `cost` decimal(10,2) NOT NULL,
  `created_at` timestamp NULL DEFAULT NULL,
  `updated_at` timestamp NULL DEFAULT NULL
) ENGINE=InnoDB DEFAULT CHARSET=utf8mb4 COLLATE=utf8mb4_unicode_ci;

-- --------------------------------------------------------

--
-- Table structure for table `sales`
--

CREATE TABLE `sales` (
  `id` bigint UNSIGNED NOT NULL,
  `date` datetime NOT NULL,
  `cashier_id` bigint UNSIGNED NOT NULL,
  `customer_id` bigint UNSIGNED DEFAULT NULL,
  `customer_data` varchar(255) COLLATE utf8mb4_unicode_ci DEFAULT NULL,
  `paid` decimal(10,0) NOT NULL,
  `remaining` decimal(10,0) DEFAULT NULL,
  `subtotal` decimal(10,2) NOT NULL DEFAULT '0.00',
  `discount` decimal(10,2) NOT NULL DEFAULT '0.00',
  `tax` decimal(10,2) NOT NULL DEFAULT '0.00',
  `total` decimal(10,2) NOT NULL DEFAULT '0.00',
  `payment_method` varchar(255) COLLATE utf8mb4_unicode_ci NOT NULL DEFAULT 'cash',
  `sale_type` enum('full','discount','credit') COLLATE utf8mb4_unicode_ci NOT NULL DEFAULT 'full',
  `status` enum('open','closed') COLLATE utf8mb4_unicode_ci NOT NULL DEFAULT 'open',
  `created_at` timestamp NULL DEFAULT NULL,
  `updated_at` timestamp NULL DEFAULT NULL
) ENGINE=InnoDB DEFAULT CHARSET=utf8mb4 COLLATE=utf8mb4_unicode_ci;

--
-- Dumping data for table `sales`
--

INSERT INTO `sales` (`id`, `date`, `cashier_id`, `customer_id`, `customer_data`, `paid`, `remaining`, `subtotal`, `discount`, `tax`, `total`, `payment_method`, `sale_type`, `status`, `created_at`, `updated_at`) VALUES
(70, '2025-12-11 20:10:44', 1, NULL, NULL, 530, 0, 530.00, 0.00, 0.00, 530.00, 'cash', 'full', 'open', '2025-12-11 18:10:44', '2025-12-11 18:10:44'),
(71, '2025-12-11 20:31:32', 1, NULL, NULL, 825, 0, 825.00, 0.00, 0.00, 825.00, 'cash', 'full', 'open', '2025-12-11 18:31:32', '2025-12-11 18:31:32'),
(72, '2025-12-11 20:40:59', 1, NULL, NULL, 150, 0, 150.00, 0.00, 0.00, 150.00, 'cash', 'full', 'open', '2025-12-11 18:40:59', '2025-12-11 18:40:59'),
(73, '2025-12-11 22:01:29', 1, NULL, NULL, 300, 0, 300.00, 10.00, 0.00, 290.00, 'cash', 'full', 'open', '2025-12-11 20:01:29', '2025-12-11 20:01:29'),
(74, '2025-12-11 23:00:28', 1, 1, NULL, 200, 0, 200.00, 0.00, 0.00, 200.00, 'cash', 'credit', 'open', '2025-12-11 21:00:28', '2025-12-15 19:43:34'),
(75, '2025-12-13 16:59:00', 2, NULL, NULL, 230, 0, 230.00, 0.00, 0.00, 230.00, 'cash', 'full', 'open', '2025-12-13 14:59:00', '2025-12-13 14:59:00'),
(76, '2025-12-13 17:01:16', 2, NULL, NULL, 230, 0, 230.00, 0.00, 0.00, 230.00, 'cash', 'full', 'open', '2025-12-13 15:01:16', '2025-12-13 15:01:16'),
(77, '2025-12-13 18:26:08', 2, NULL, NULL, 420, 0, 420.00, 0.00, 0.00, 420.00, 'cash', 'full', 'open', '2025-12-13 16:26:08', '2025-12-13 16:26:08'),
(78, '2025-12-13 20:41:30', 1, NULL, NULL, 480, 0, 480.00, 0.00, 0.00, 480.00, 'cash', 'full', 'open', '2025-12-13 18:41:30', '2025-12-13 18:41:30'),
(79, '2025-12-13 20:42:46', 1, NULL, NULL, 400, 0, 420.00, 20.00, 0.00, 400.00, 'cash', 'discount', 'open', '2025-12-13 18:42:46', '2025-12-13 18:42:46'),
(80, '2025-12-14 19:23:37', 2, NULL, NULL, 510, 0, 510.00, 10.00, 0.00, 500.00, 'cash', 'full', 'open', '2025-12-14 17:23:37', '2025-12-14 17:23:37'),
(81, '2025-12-14 21:09:53', 1, NULL, NULL, 410, 0, 410.00, 0.00, 0.00, 410.00, 'cash', 'full', 'open', '2025-12-14 19:09:53', '2025-12-14 19:09:53'),
(82, '2025-12-14 21:40:49', 1, NULL, NULL, 460, 0, 460.00, 0.00, 0.00, 460.00, 'cash', 'full', 'open', '2025-12-14 19:40:49', '2025-12-14 19:40:49'),
(83, '2025-12-14 21:46:17', 1, NULL, NULL, 495, 0, 495.00, 0.00, 0.00, 495.00, 'cash', 'full', 'open', '2025-12-14 19:46:17', '2025-12-14 19:46:17'),
(84, '2025-12-15 16:07:41', 2, NULL, NULL, 1430, 0, 1460.00, 30.00, 0.00, 1430.00, 'cash', 'discount', 'open', '2025-12-15 14:07:41', '2025-12-15 14:07:41'),
(86, '2025-12-16 18:01:40', 2, NULL, NULL, 75, 0, 150.00, 75.00, 0.00, 75.00, 'cash', 'discount', 'open', '2025-12-16 16:01:40', '2025-12-16 16:01:40'),
(87, '2025-12-16 18:03:55', 2, NULL, NULL, 75, 0, 150.00, 75.00, 0.00, 75.00, 'cash', 'discount', 'open', '2025-12-16 16:03:55', '2025-12-16 16:03:55'),
(88, '2025-12-18 17:00:38', 2, 3, NULL, 1510, 0, 1040.00, 20.00, 0.00, 1020.00, 'cash', 'full', 'open', '2025-12-18 15:00:38', '2025-12-18 21:06:15'),
(89, '2025-12-18 20:14:47', 1, NULL, NULL, 680, 0, 700.00, 20.00, 0.00, 680.00, 'cash', 'full', 'open', '2025-12-18 18:14:47', '2025-12-18 18:14:47'),
(90, '2025-12-19 20:32:41', 1, 4, NULL, 500, 50, 555.00, 5.00, 0.00, 550.00, 'cash', 'credit', 'open', '2025-12-19 18:32:41', '2025-12-25 17:53:28'),
(91, '2025-12-19 20:43:34', 1, 5, NULL, 1200, 0, 1280.00, 80.00, 0.00, 1200.00, 'cash', 'credit', 'open', '2025-12-19 18:43:34', '2025-12-24 17:55:38'),
(93, '2025-12-20 16:00:27', 2, NULL, NULL, 595, 0, 595.00, 15.00, 0.00, 580.00, 'cash', 'full', 'open', '2025-12-20 14:00:27', '2025-12-20 14:00:27'),
(94, '2025-12-20 16:50:57', 2, 3, NULL, 600, 0, 600.00, 0.00, 0.00, 600.00, 'cash', 'credit', 'open', '2025-12-20 14:50:57', '2025-12-21 18:13:25'),
(96, '2025-12-20 19:37:43', 2, NULL, NULL, 150, 0, 150.00, 0.00, 0.00, 150.00, 'cash', 'full', 'open', '2025-12-20 17:37:43', '2025-12-20 17:37:43'),
(97, '2025-12-20 20:04:33', 2, NULL, NULL, 450, 0, 450.00, 0.00, 0.00, 450.00, 'cash', 'full', 'open', '2025-12-20 18:04:33', '2025-12-20 18:04:33'),
(98, '2025-12-21 20:09:14', 1, NULL, NULL, 830, 0, 890.00, 60.00, 0.00, 830.00, 'cash', 'discount', 'open', '2025-12-21 18:09:14', '2025-12-21 18:09:14'),
(99, '2025-12-21 20:26:35', 1, 8, NULL, 670, 30, 700.00, 0.00, 0.00, 700.00, 'cash', 'credit', 'open', '2025-12-21 18:26:35', '2025-12-24 17:55:10'),
(100, '2025-12-21 20:57:33', 1, 9, NULL, 900, 0, 920.00, 20.00, 0.00, 900.00, 'cash', 'credit', 'open', '2025-12-21 18:57:33', '2025-12-24 17:56:18'),
(101, '2025-12-21 21:24:35', 1, 10, NULL, 400, 0, 400.00, 0.00, 0.00, 400.00, 'cash', 'full', 'open', '2025-12-21 19:24:35', '2025-12-21 19:24:35'),
(102, '2025-12-21 21:40:57', 1, NULL, NULL, 550, 0, 570.00, 20.00, 0.00, 550.00, 'cash', 'discount', 'open', '2025-12-21 19:40:57', '2025-12-21 19:40:57'),
(103, '2025-12-21 21:48:04', 1, NULL, NULL, 220, 0, 220.00, 0.00, 0.00, 220.00, 'cash', 'full', 'open', '2025-12-21 19:48:04', '2025-12-21 19:48:04'),
(104, '2025-12-22 20:24:10', 1, NULL, NULL, 100, 0, 100.00, 0.00, 0.00, 100.00, 'cash', 'full', 'open', '2025-12-22 18:24:10', '2025-12-22 18:24:10'),
(105, '2025-12-22 20:43:29', 1, 11, NULL, 500, 150, 665.00, 15.00, 0.00, 650.00, 'cash', 'credit', 'open', '2025-12-22 18:43:29', '2025-12-22 18:43:29'),
(106, '2025-12-23 17:20:11', 2, NULL, NULL, 615, 0, 615.00, 15.00, 0.00, 600.00, 'cash', 'full', 'open', '2025-12-23 15:20:11', '2025-12-23 15:20:11'),
(107, '2025-12-23 17:50:57', 2, NULL, NULL, 615, 0, 615.00, 15.00, 0.00, 600.00, 'cash', 'full', 'open', '2025-12-23 15:50:57', '2025-12-23 15:50:57'),
(111, '2025-12-24 19:16:07', 2, 12, NULL, 600, 0, 690.00, 90.00, 0.00, 600.00, 'cash', 'credit', 'open', '2025-12-24 17:16:07', '2025-12-24 17:54:10'),
(115, '2025-12-24 20:31:23', 1, 14, NULL, 655, 0, 655.00, 0.00, 0.00, 655.00, 'cash', 'credit', 'open', '2025-12-24 18:31:23', '2025-12-24 20:26:52'),
(116, '2025-12-24 21:40:37', 1, 15, NULL, 670, 0, 670.00, 0.00, 0.00, 670.00, 'cash', 'full', 'open', '2025-12-24 19:40:37', '2025-12-24 19:40:37'),
(118, '2025-12-25 19:51:20', 1, 8, NULL, 350, 40, 390.00, 0.00, 0.00, 390.00, 'cash', 'credit', '', '2025-12-25 17:51:20', '2025-12-25 17:51:20'),
(119, '2025-12-25 19:58:51', 1, NULL, NULL, 165, 0, 195.00, 30.00, 0.00, 165.00, 'cash', 'discount', '', '2025-12-25 17:58:51', '2025-12-25 17:58:51'),
(120, '2025-12-25 20:00:52', 1, NULL, NULL, 300, 0, 300.00, 0.00, 0.00, 300.00, 'cash', 'full', '', '2025-12-25 18:00:52', '2025-12-25 18:00:52');

-- --------------------------------------------------------

--
-- Table structure for table `sale_items`
--
-- Error reading structure for table pos-clothes.sale_items: #1812 - Tablespace is missing for table `pos-clothes`.`sale_items`.
-- Error reading data for table pos-clothes.sale_items: #1812 - Tablespace is missing for table `pos-clothes`.`sale_items`.

-- --------------------------------------------------------

--
-- Table structure for table `sale_returns`
--
-- Error reading structure for table pos-clothes.sale_returns: #1812 - Tablespace is missing for table `pos-clothes`.`sale_returns`.
-- Error reading data for table pos-clothes.sale_returns: #1812 - Tablespace is missing for table `pos-clothes`.`sale_returns`.

-- --------------------------------------------------------

--
-- Table structure for table `sessions`
--

CREATE TABLE `sessions` (
  `id` varchar(255) COLLATE utf8mb4_unicode_ci NOT NULL,
  `user_id` bigint UNSIGNED DEFAULT NULL,
  `ip_address` varchar(45) COLLATE utf8mb4_unicode_ci DEFAULT NULL,
  `user_agent` text COLLATE utf8mb4_unicode_ci,
  `payload` longtext COLLATE utf8mb4_unicode_ci NOT NULL,
  `last_activity` int NOT NULL
) ENGINE=InnoDB DEFAULT CHARSET=utf8mb4 COLLATE=utf8mb4_unicode_ci;

--
-- Dumping data for table `sessions`
--

INSERT INTO `sessions` (`id`, `user_id`, `ip_address`, `user_agent`, `payload`, `last_activity`) VALUES
('C9IS1KZIvhzgb8zS3fFKURsaTCntJWZcEmNKhNpj', 1, '127.0.0.1', 'Mozilla/5.0 (Windows NT 10.0; Win64; x64) AppleWebKit/537.36 (KHTML, like Gecko) Chrome/141.0.0.0 Safari/537.36', 'YTo2OntzOjY6Il90b2tlbiI7czo0MDoiaVNudGgxaEV5c2d4MXAwdTczQ3NWUTc1ek1BQTRlZGVjeE5uYW5KaSI7czo5OiJfcHJldmlvdXMiO2E6MTp7czozOiJ1cmwiO3M6OTE6Imh0dHA6Ly8xMjcuMC4wLjE6ODAwMC90ZWxlc2NvcGUvdGVsZXNjb3BlLWFwaS9yZXF1ZXN0cy9hMDRjZTdkYy0xNDIyLTQ1OWYtODc4OS02ZTMyNzYyOGM1ZjMiO31zOjY6Il9mbGFzaCI7YToyOntzOjM6Im9sZCI7YTowOnt9czozOiJuZXciO2E6MDp7fX1zOjUwOiJsb2dpbl93ZWJfNTliYTM2YWRkYzJiMmY5NDAxNTgwZjAxNGM3ZjU4ZWE0ZTMwOTg5ZCI7aToxO3M6MTc6InBhc3N3b3JkX2hhc2hfd2ViIjtzOjYwOiIkMnkkMTIkY0hUcjBuL1psaldaR3pzMXJCelBiZUprdjdnbEcubEluaWl2T3gza0Zxa21VMVFvdTRZL2UiO3M6NjoidGFibGVzIjthOjM6e3M6NDA6ImI5NDQwMzNmNDljM2M3NTYzMDVmZDEyYmVlZmI3ZWI3X2ZpbHRlcnMiO2E6Mjp7czo5OiJsb3dfc3RvY2siO2E6MTp7czo4OiJpc0FjdGl2ZSI7YjowO31zOjExOiJzdXBwbGllcl9pZCI7YToxOntzOjU6InZhbHVlIjtOO319czozOToiYjk0NDAzM2Y0OWMzYzc1NjMwNWZkMTJiZWVmYjdlYjdfc2VhcmNoIjtzOjA6IiI7czo0NjoiYjk0NDAzM2Y0OWMzYzc1NjMwNWZkMTJiZWVmYjdlYjdfY29sdW1uX3NlYXJjaCI7YTowOnt9fX0=', 1762521778),
('tDvDhtumNOVF2xjy5GoimKlQM42ZSQIZgbt9sZ52', 1, '127.0.0.1', 'Mozilla/5.0 (Windows NT 10.0; Win64; x64) AppleWebKit/537.36 (KHTML, like Gecko) Chrome/141.0.0.0 Safari/537.36', 'YTo1OntzOjY6Il90b2tlbiI7czo0MDoiREluNDRvVzBrZ05DM2QzM2tGSmFlVEdoT2E2QTVramdsRHRKSTNoNiI7czo5OiJfcHJldmlvdXMiO2E6MTp7czozOiJ1cmwiO3M6Mjc6Imh0dHA6Ly8xMjcuMC4wLjE6ODAwMC9hZG1pbiI7fXM6NjoiX2ZsYXNoIjthOjI6e3M6Mzoib2xkIjthOjA6e31zOjM6Im5ldyI7YTowOnt9fXM6NTA6ImxvZ2luX3dlYl81OWJhMzZhZGRjMmIyZjk0MDE1ODBmMDE0YzdmNThlYTRlMzA5ODlkIjtpOjE7czoxNzoicGFzc3dvcmRfaGFzaF93ZWIiO3M6NjA6IiQyeSQxMiRjSFRyMG4vWmxqV1pHenMxckJ6UGJlSmt2N2dsRy5sSW5paXZPeDNrRnFrbVUxUW91NFkvZSI7fQ==', 1762518739);

-- --------------------------------------------------------

--
-- Table structure for table `stock_movements`
--
-- Error reading structure for table pos-clothes.stock_movements: #1812 - Tablespace is missing for table `pos-clothes`.`stock_movements`.
-- Error reading data for table pos-clothes.stock_movements: #1812 - Tablespace is missing for table `pos-clothes`.`stock_movements`.

-- --------------------------------------------------------

--
-- Table structure for table `suppliers`
--

CREATE TABLE `suppliers` (
  `id` bigint UNSIGNED NOT NULL,
  `code` varchar(255) COLLATE utf8mb4_unicode_ci NOT NULL,
  `name` varchar(255) COLLATE utf8mb4_unicode_ci NOT NULL,
  `company_name` varchar(255) COLLATE utf8mb4_unicode_ci DEFAULT NULL,
  `email` varchar(255) COLLATE utf8mb4_unicode_ci DEFAULT NULL,
  `phone` varchar(255) COLLATE utf8mb4_unicode_ci DEFAULT NULL,
  `tax_number` varchar(255) COLLATE utf8mb4_unicode_ci DEFAULT NULL,
  `country` varchar(255) COLLATE utf8mb4_unicode_ci DEFAULT NULL,
  `city` varchar(255) COLLATE utf8mb4_unicode_ci DEFAULT NULL,
  `address` varchar(255) COLLATE utf8mb4_unicode_ci DEFAULT NULL,
  `opening_balance` decimal(15,2) NOT NULL DEFAULT '0.00',
  `current_balance` decimal(15,2) NOT NULL DEFAULT '0.00',
  `is_active` tinyint(1) NOT NULL DEFAULT '1',
  `notes` text COLLATE utf8mb4_unicode_ci,
  `deleted_at` timestamp NULL DEFAULT NULL,
  `created_at` timestamp NULL DEFAULT NULL,
  `updated_at` timestamp NULL DEFAULT NULL
) ENGINE=InnoDB DEFAULT CHARSET=utf8mb4 COLLATE=utf8mb4_unicode_ci;

--
-- Dumping data for table `suppliers`
--

INSERT INTO `suppliers` (`id`, `code`, `name`, `company_name`, `email`, `phone`, `tax_number`, `country`, `city`, `address`, `opening_balance`, `current_balance`, `is_active`, `notes`, `deleted_at`, `created_at`, `updated_at`) VALUES
(7, '964', ' --', NULL, 'admin@gmail.com', '01028425767', NULL, NULL, NULL, '    ', 19000.00, 19000.00, 1, '       15   ', NULL, '2025-12-15 17:19:33', '2025-12-15 17:19:33'),
(8, '234', '  -- ', NULL, 'adm@gmail.com', '000', NULL, NULL, NULL, '  . ', 10195.00, 9095.00, 1, '      15 2052  ', NULL, '2025-12-15 17:25:43', '2025-12-25 18:06:26'),
(9, '241', '  ', NULL, 'eihab2342@gmail.com', '01009481708', NULL, NULL, NULL, '    ', 11470.00, 11470.00, 1, NULL, NULL, '2025-12-21 20:13:19', '2025-12-21 20:13:19');

-- --------------------------------------------------------

--
-- Table structure for table `supplier_payments`
--
-- Error reading structure for table pos-clothes.supplier_payments: #1812 - Tablespace is missing for table `pos-clothes`.`supplier_payments`.
-- Error reading data for table pos-clothes.supplier_payments: #1812 - Tablespace is missing for table `pos-clothes`.`supplier_payments`.

-- --------------------------------------------------------

--
-- Table structure for table `telescope_entries`
--
-- Error reading structure for table pos-clothes.telescope_entries: #1812 - Tablespace is missing for table `pos-clothes`.`telescope_entries`.
-- Error reading data for table pos-clothes.telescope_entries: #1812 - Tablespace is missing for table `pos-clothes`.`telescope_entries`.

-- --------------------------------------------------------

--
-- Table structure for table `telescope_entries_tags`
--
-- Error reading structure for table pos-clothes.telescope_entries_tags: #1812 - Tablespace is missing for table `pos-clothes`.`telescope_entries_tags`.
-- Error reading data for table pos-clothes.telescope_entries_tags: #1812 - Tablespace is missing for table `pos-clothes`.`telescope_entries_tags`.

-- --------------------------------------------------------

--
-- Table structure for table `telescope_monitoring`
--

CREATE TABLE `telescope_monitoring` (
  `tag` varchar(255) COLLATE utf8mb4_unicode_ci NOT NULL
) ENGINE=InnoDB DEFAULT CHARSET=utf8mb4 COLLATE=utf8mb4_unicode_ci;

-- --------------------------------------------------------

--
-- Table structure for table `users`
--

CREATE TABLE `users` (
  `id` bigint UNSIGNED NOT NULL,
  `name` varchar(255) COLLATE utf8mb4_unicode_ci NOT NULL,
  `email` varchar(255) COLLATE utf8mb4_unicode_ci NOT NULL,
  `email_verified_at` timestamp NULL DEFAULT NULL,
  `password` varchar(255) COLLATE utf8mb4_unicode_ci NOT NULL,
  `is_active` tinyint(1) NOT NULL DEFAULT '1',
  `role` enum('manager','admin') COLLATE utf8mb4_unicode_ci NOT NULL DEFAULT 'admin',
  `remember_token` varchar(100) COLLATE utf8mb4_unicode_ci DEFAULT NULL,
  `created_at` timestamp NULL DEFAULT NULL,
  `updated_at` timestamp NULL DEFAULT NULL
) ENGINE=InnoDB DEFAULT CHARSET=utf8mb4 COLLATE=utf8mb4_unicode_ci;

--
-- Dumping data for table `users`
--

INSERT INTO `users` (`id`, `name`, `email`, `email_verified_at`, `password`, `is_active`, `role`, `remember_token`, `created_at`, `updated_at`) VALUES
(1, 'Admin', 'eihab2342@gmail.com', NULL, '$2y$10$JJLmPEcr//Gm5v9yGtGksul.r8Cn3UCyg4k6sy0it/y7BVAPz/.RK', 1, 'manager', 'lvPkCB4b8U41D3A4ICnk9AFAFu10vPpVC8eGGZcJ3Slvoi3o4TiSOWtgnDHL', '2025-09-08 16:29:06', '2025-12-07 17:38:54'),
(2, 'admin admin', 'admin@gmail.com', NULL, '$2y$10$lWdepn2BOvdaViaicK70ZeA7EfZ.GCsuP9IWvw2rqXAkJ7gwUfXze', 1, 'admin', 'JlBYURkTLVNSRSCr1srpHFofAKqgD25boqHz585W36wo3phGZlpXLjmngAyV', '2025-09-19 10:34:08', '2025-12-10 14:57:44');

--
-- Indexes for dumped tables
--

--
-- Indexes for table `barcodes`
--
ALTER TABLE `barcodes`
  ADD PRIMARY KEY (`id`),
  ADD KEY `barcodes_product_variant_id_index` (`product_variant_id`);

--
-- Indexes for table `cache`
--
ALTER TABLE `cache`
  ADD PRIMARY KEY (`key`);

--
-- Indexes for table `cache_locks`
--
ALTER TABLE `cache_locks`
  ADD PRIMARY KEY (`key`);

--
-- Indexes for table `failed_jobs`
--
ALTER TABLE `failed_jobs`
  ADD PRIMARY KEY (`id`),
  ADD UNIQUE KEY `failed_jobs_uuid_unique` (`uuid`);

--
-- Indexes for table `jobs`
--
ALTER TABLE `jobs`
  ADD PRIMARY KEY (`id`),
  ADD KEY `jobs_queue_index` (`queue`);

--
-- Indexes for table `job_batches`
--
ALTER TABLE `job_batches`
  ADD PRIMARY KEY (`id`);

--
-- Indexes for table `migrations`
--
ALTER TABLE `migrations`
  ADD PRIMARY KEY (`id`);

--
-- Indexes for table `password_reset_tokens`
--
ALTER TABLE `password_reset_tokens`
  ADD PRIMARY KEY (`email`);

--
-- Indexes for table `products`
--
ALTER TABLE `products`
  ADD PRIMARY KEY (`id`),
  ADD KEY `products_supplier_id_foreign` (`supplier_id`);

--
-- Indexes for table `product_variants`
--
ALTER TABLE `product_variants`
  ADD PRIMARY KEY (`id`),
  ADD UNIQUE KEY `product_variants_sku_unique` (`sku`),
  ADD UNIQUE KEY `product_variants_barcode_unique` (`barcode`),
  ADD KEY `product_variants_product_id_foreign` (`product_id`),
  ADD KEY `product_variants_supplier_id_index` (`supplier_id`),
  ADD KEY `product_variants_price_index` (`price`),
  ADD KEY `product_variants_stock_qty_index` (`stock_qty`),
  ADD KEY `product_variants_reorder_level_index` (`reorder_level`),
  ADD KEY `product_variants_is_low_stock_index` (`is_low_stock`),
  ADD KEY `idx_supplier_id` (`supplier_id`);

--
-- Indexes for table `purchases`
--
ALTER TABLE `purchases`
  ADD PRIMARY KEY (`id`),
  ADD KEY `purchases_supplier_id_foreign` (`supplier_id`);

--
-- Indexes for table `purchase_items`
--
ALTER TABLE `purchase_items`
  ADD PRIMARY KEY (`id`),
  ADD KEY `purchase_items_purchase_id_foreign` (`purchase_id`),
  ADD KEY `purchase_items_variant_id_foreign` (`variant_id`);

--
-- Indexes for table `sales`
--
ALTER TABLE `sales`
  ADD PRIMARY KEY (`id`),
  ADD KEY `sales_cashier_id_foreign` (`cashier_id`);

--
-- Indexes for table `sessions`
--
ALTER TABLE `sessions`
  ADD PRIMARY KEY (`id`),
  ADD KEY `sessions_user_id_index` (`user_id`),
  ADD KEY `sessions_last_activity_index` (`last_activity`);

--
-- Indexes for table `suppliers`
--
ALTER TABLE `suppliers`
  ADD PRIMARY KEY (`id`),
  ADD UNIQUE KEY `suppliers_code_unique` (`code`),
  ADD UNIQUE KEY `suppliers_email_unique` (`email`),
  ADD UNIQUE KEY `suppliers_tax_number_unique` (`tax_number`);

--
-- Indexes for table `telescope_monitoring`
--
ALTER TABLE `telescope_monitoring`
  ADD PRIMARY KEY (`tag`);

--
-- Indexes for table `users`
--
ALTER TABLE `users`
  ADD PRIMARY KEY (`id`),
  ADD UNIQUE KEY `users_email_unique` (`email`);

--
-- AUTO_INCREMENT for dumped tables
--

--
-- AUTO_INCREMENT for table `barcodes`
--
ALTER TABLE `barcodes`
  MODIFY `id` int UNSIGNED NOT NULL AUTO_INCREMENT, AUTO_INCREMENT=147;

--
-- AUTO_INCREMENT for table `failed_jobs`
--
ALTER TABLE `failed_jobs`
  MODIFY `id` bigint UNSIGNED NOT NULL AUTO_INCREMENT;

--
-- AUTO_INCREMENT for table `jobs`
--
ALTER TABLE `jobs`
  MODIFY `id` bigint UNSIGNED NOT NULL AUTO_INCREMENT;

--
-- AUTO_INCREMENT for table `migrations`
--
ALTER TABLE `migrations`
  MODIFY `id` int UNSIGNED NOT NULL AUTO_INCREMENT, AUTO_INCREMENT=26;

--
-- AUTO_INCREMENT for table `products`
--
ALTER TABLE `products`
  MODIFY `id` bigint UNSIGNED NOT NULL AUTO_INCREMENT;

--
-- AUTO_INCREMENT for table `product_variants`
--
ALTER TABLE `product_variants`
  MODIFY `id` bigint UNSIGNED NOT NULL AUTO_INCREMENT, AUTO_INCREMENT=193;

--
-- AUTO_INCREMENT for table `purchases`
--
ALTER TABLE `purchases`
  MODIFY `id` bigint UNSIGNED NOT NULL AUTO_INCREMENT, AUTO_INCREMENT=3;

--
-- AUTO_INCREMENT for table `purchase_items`
--
ALTER TABLE `purchase_items`
  MODIFY `id` bigint UNSIGNED NOT NULL AUTO_INCREMENT;

--
-- AUTO_INCREMENT for table `sales`
--
ALTER TABLE `sales`
  MODIFY `id` bigint UNSIGNED NOT NULL AUTO_INCREMENT, AUTO_INCREMENT=76;

--
-- AUTO_INCREMENT for table `suppliers`
--
ALTER TABLE `suppliers`
  MODIFY `id` bigint UNSIGNED NOT NULL AUTO_INCREMENT, AUTO_INCREMENT=4;

--
-- AUTO_INCREMENT for table `users`
--
ALTER TABLE `users`
  MODIFY `id` bigint UNSIGNED NOT NULL AUTO_INCREMENT, AUTO_INCREMENT=3;

--
-- Constraints for dumped tables
--

--
-- Constraints for table `products`
--
ALTER TABLE `products`
  ADD CONSTRAINT `products_supplier_id_foreign` FOREIGN KEY (`supplier_id`) REFERENCES `suppliers` (`id`) ON DELETE SET NULL;

--
-- Constraints for table `product_variants`
--
ALTER TABLE `product_variants`
  ADD CONSTRAINT `product_variants_product_id_foreign` FOREIGN KEY (`product_id`) REFERENCES `products` (`id`) ON DELETE CASCADE,
  ADD CONSTRAINT `product_variants_supplier_id_foreign` FOREIGN KEY (`supplier_id`) REFERENCES `suppliers` (`id`) ON DELETE SET NULL;

--
-- Constraints for table `purchases`
--
ALTER TABLE `purchases`
  ADD CONSTRAINT `purchases_supplier_id_foreign` FOREIGN KEY (`supplier_id`) REFERENCES `suppliers` (`id`) ON DELETE CASCADE;

--
-- Constraints for table `purchase_items`
--
ALTER TABLE `purchase_items`
  ADD CONSTRAINT `purchase_items_purchase_id_foreign` FOREIGN KEY (`purchase_id`) REFERENCES `purchases` (`id`) ON DELETE CASCADE,
  ADD CONSTRAINT `purchase_items_variant_id_foreign` FOREIGN KEY (`variant_id`) REFERENCES `product_variants` (`id`) ON DELETE CASCADE;

--
-- Constraints for table `sales`
--
ALTER TABLE `sales`
  ADD CONSTRAINT `sales_cashier_id_foreign` FOREIGN KEY (`cashier_id`) REFERENCES `users` (`id`);
COMMIT;

/*!40101 SET CHARACTER_SET_CLIENT=@OLD_CHARACTER_SET_CLIENT */;
/*!40101 SET CHARACTER_SET_RESULTS=@OLD_CHARACTER_SET_RESULTS */;
/*!40101 SET COLLATION_CONNECTION=@OLD_COLLATION_CONNECTION */;
